;Identifiant du Tweet;Permalien du Tweet;Texte du Tweet;heure;impressions;engagements;taux dâ€™engagement;Retweets;rÃ©ponses;J'aime;clics sur le profil de l'utilisateur;clics sur l'URL;clics sur le hashtag;ouvertures des dÃ©tails;clics sur le permalien;ouvertures d'application;installations de l'application;abonnements ;envoyer le Tweet par email;composer le numÃ©ro;vues du mÃ©dia;engagements avec le mÃ©dia;impressions sponsorisÃ©;engagements sponsorisÃ©;taux dâ€™engagement sponsorisÃ©;Retweets sponsorisÃ©;rÃ©ponses sponsorisÃ©;J'aime sponsorisÃ©;clics sur le profil de l'utilisateur sponsorisÃ©;clics sur l'URL sponsorisÃ©;clics sur le hashtag sponsorisÃ©;ouvertures des dÃ©tails sponsorisÃ©;clics sur le permalien sponsorisÃ©;ouvertures d'application sponsorisÃ©;installations de l'application sponsorisÃ©;abonnements  sponsorisÃ©;envoyer le Tweet par email sponsorisÃ©;composer le numÃ©ro sponsorisÃ©;vues du mÃ©dia sponsorisÃ©;engagements avec le mÃ©dia sponsorisÃ©
0;1321023675529912320;https://twitter.com/groupe_onx/status/1321023675529912320;"âš  Une vague de #cyberattaques vise le web franÃ§ais. 
Retrouvez les conseils de https://t.co/DhTZ8VT0bB pour faire face Ã  la ""dÃ©figuration"" de site web.
ğŸ›¡ N'hÃ©sitez pas Ã  faire appels Ã  nos experts pour sÃ©curiser vos systÃ¨mes et protÃ©ger vos donnÃ©es : https://t.co/HnxN8WIGsW https://t.co/tOYHzaIXsU";2020-10-27 09:39:00+00:00;356;1;0.0028089887640449;0;0;0;1;0;0;0;0;0;0;0;0;0;0;0;-;-;-;-;-;-;-;-;-;-;-;-;-;-;-;-;-;-
1;1318902404658724867;https://twitter.com/groupe_onx/status/1318902404658724867;"Nos Ã©quipes sont prÃ©sentes Ã  #UTHD, organisÃ©e par Infranum, Avvica et IdealCO, et ont pu suivre l'intervention de CÃ©dric O, sur le plan de relance du gouvernement pour lutter contre la #FractureNumerique territoriale.
https://t.co/X2BSPvqVIC
#Fibre #FTTH #THD https://t.co/6CqIOL7sFj";2020-10-21 13:10:00+00:00;465;8;0.0172043010752688;0;0;1;0;1;0;4;0;0;0;0;0;0;2;2;-;-;-;-;-;-;-;-;-;-;-;-;-;-;-;-;-;-
2;1318463064707076097;https://twitter.com/groupe_onx/status/1318463064707076097;A l'occasion du #CyberMois, cette annÃ©e sur le chantage numÃ©rique avec les #ranÃ§ongiciels et de chantage Ã  la webcam, nous vous invitons Ã  vous rendre sur leur site dÃ©diÃ© qui rappelle des recommandations simples pour se protÃ©ger du chantage numÃ©rique : https://t.co/1ECnIDHY9E https://t.co/vV0RienOhs;2020-10-20 08:04:00+00:00;361;6;0.0166204986149584;0;0;2;1;0;0;3;0;0;0;0;0;0;0;0;-;-;-;-;-;-;-;-;-;-;-;-;-;-;-;-;-;-
3;1316678759131623425;https://twitter.com/groupe_onx/status/1316678759131623425;"ğŸ–¤ #JaimeMaBoite â¤ Chez ON-X, nous aimons nous rÃ©unir pour passer des moments festifs... Et en temps normal, les occasions ne manquent pas ! ğŸ¥³
Bonne #FÃªteDesEntreprises Ã  tous !
#EspritdEquipe #ConvivialitÃ© #GestesBarrieres
https://t.co/xkBi2KXpBn https://t.co/rAc695tpfn";2020-10-15 09:54:00+00:00;524;22;0.0419847328244274;0;0;2;1;0;0;3;0;0;0;0;0;0;16;16;-;-;-;-;-;-;-;-;-;-;-;-;-;-;-;-;-;-
4;1315998237732614146;https://twitter.com/groupe_onx/status/1315998237732614146;Annulation du #PrivacyShield, maÃ®trise et gouvernance des donnÃ©es, #CloudDeConfiance, multi-cloud et interopÃ©rabilitÃ©... Retrouvez un article trÃ¨s complet de Solutions NumÃ©riques sur les enjeux du #CloudSouverain : https://t.co/WXUZ30XqPa;2020-10-13 12:50:00+00:00;355;0;0.0;0;0;0;0;0;0;0;0;0;0;0;0;0;0;0;-;-;-;-;-;-;-;-;-;-;-;-;-;-;-;-;-;-
5;1314143675035930624;https://twitter.com/groupe_onx/status/1314143675035930624;"#ImmersiveLearning ou comment renforcer la #mÃ©morisation et l'#engagement des apprenants, grÃ¢ce Ã  l'immersion et l'expÃ©rimentation. A la clÃ© : des gains en productivitÃ© et en contrÃ´le qualitÃ© !
#rÃ©alitÃ©virtuelle #maintenance #formation #industrie40 
https://t.co/Jz0Xa3R4gv https://t.co/CH4yKMn9WN";2020-10-08 10:00:00+00:00;315;7;0.0222222222222222;0;0;0;0;0;0;3;0;0;0;0;0;0;19;4;-;-;-;-;-;-;-;-;-;-;-;-;-;-;-;-;-;-
6;1311958130629185536;https://twitter.com/groupe_onx/status/1311958130629185536;ğŸ™Retrouvez le podcast avec Nicolas Cantu, l'un de nos experts en #Blockchain et #Cryptomonnaies, co-fondateur de Chain Accelerator. Au programme : Ã©volutions des architectures et des technologies, #rÃ©silience des #infras, agilitÃ© pour les #supplychains https://t.co/TOu8T0vfVF https://t.co/zlI44j6OB1;2020-10-02 09:16:00+00:00;385;6;0.0155844155844155;0;0;2;0;1;0;3;0;0;0;0;0;0;0;0;-;-;-;-;-;-;-;-;-;-;-;-;-;-;-;-;-;-
0;1331620735190757383;https://twitter.com/groupe_onx/status/1331620735190757383;ğŸ“… Ne ratez pas Jeudi 26/11 Ã  18h l'interview en #VR de Michael AMAR, l'un de nos experts en #Blockchain et #cryptomonnaies, Ã©galement fondateur et co-host du Paris Blockchain Week Summit. https://t.co/oZyKp4gEY5;2020-11-25 15:28:00+00:00;760;11;0.0144736842105263;2;0;2;1;0;1;5;0;0;0;0;0;0;0;0;-;-;-;-;-;-;-;-;-;-;-;-;-;-;-;-;-;-
1;1331191388537561089;https://twitter.com/groupe_onx/status/1331191388537561089;"ğŸ›¡ÃŠtes-vous suffisamment parÃ© face Ã  une #cyberattaque ? Nâ€™imaginez plus votre niveau de sÃ©curitÃ© et faites appel Ã  notre Ã©quipe d'auditeurs pour Ã©prouver vos dÃ©fenses ou les contrÃ´ler : https://t.co/e5eY7xAKyo
#pentest #auditdesÃ©curitÃ© #phishing #readteam #testintrusion https://t.co/Y42lwdJ9HP";2020-11-24 11:02:00+00:00;505;14;0.0277227722772277;1;0;0;0;2;0;8;0;0;0;0;0;0;36;3;-;-;-;-;-;-;-;-;-;-;-;-;-;-;-;-;-;-
2;1329368918499135495;https://twitter.com/groupe_onx/status/1329368918499135495;ğŸ“¢ Ne ratez pas les 9 et 10/12 la #PBWS2020, la plus grande confÃ©rence d'Europe dÃ©diÃ©e Ã  la #Blockchain et aux #cryptomonnaies. Inscrivez-vous dÃ¨s maintenant et profitez de 30 % de rÃ©duction sur vos tickets ğŸ‘‰ https://t.co/IQVfzzQeIH https://t.co/KyFrO3AH73;2020-11-19 10:20:00+00:00;1607;21;0.0130678282514001;3;0;4;0;4;0;9;0;0;0;0;0;0;1;1;-;-;-;-;-;-;-;-;-;-;-;-;-;-;-;-;-;-
3;1326845401429925888;https://twitter.com/groupe_onx/status/1326845401429925888;J-28 avant la #PBWS2020. Participez Ã  la plus grande confÃ©rence virtuelle d'Europe sur la #Blockchain et les #cryptomonnaie, qui rÃ©unira prÃ¨s de 130 intervenants de renom. Inscription ğŸ‘‰ https://t.co/IQVfzzQeIH . https://t.co/OrzRKOzR1O;2020-11-12 11:12:00+00:00;604;10;0.0165562913907284;1;0;1;2;1;1;2;0;0;0;0;0;0;2;2;-;-;-;-;-;-;-;-;-;-;-;-;-;-;-;-;-;-
4;1326125619982299136;https://twitter.com/groupe_onx/status/1326125619982299136;"#Reconfinement | En tant que #collectivitÃ©, dÃ©couvrez nos conseils pour vous accompagner :
â–¶ Ã  dÃ©finir une stratÃ©gie des #UsagesNumÃ©riques rÃ©siliente,
â–¶ Ã  mettre rapidement en Å“uvre cette derniÃ¨re.
ğŸ‘‰https://t.co/qCJrgNrO8u https://t.co/jr1bGtc0zd";2020-11-10 11:32:00+00:00;405;0;0.0;0;0;0;0;0;0;0;0;0;0;0;0;0;0;0;-;-;-;-;-;-;-;-;-;-;-;-;-;-;-;-;-;-
5;1324318158963003393;https://twitter.com/groupe_onx/status/1324318158963003393;En cette pÃ©riode de #reconfinement, nos Ã©quipes restent mobilisÃ©es pour vous accompagner grÃ¢ce au #tÃ©lÃ©travail. A cette occasion, nous partageons avec vous 6 conseils adoptÃ©s par nos Ã©quipes pour tÃ©lÃ©travailler efficacement. Bon courage Ã  tous ! https://t.co/XQx0ZfWIa9;2020-11-05 11:50:00+00:00;453;9;0.0198675496688741;0;0;0;0;0;0;0;0;0;0;0;0;0;9;9;-;-;-;-;-;-;-;-;-;-;-;-;-;-;-;-;-;-
6;1323583239789961216;https://twitter.com/groupe_onx/status/1323583239789961216;Les Ã©quipes ON-X Groupe sont fiÃ¨res de rejoindre @Hexatrust, association de rÃ©fÃ©rence qui rÃ©unit les entreprises franÃ§aises innovantes en matiÃ¨re de #cybersÃ©curitÃ© et #cloudcomputing. https://t.co/LMDn6jG0I0 https://t.co/Yk68BjHHXL;2020-11-03 11:10:00+00:00;605;8;0.0132231404958677;2;0;1;0;2;0;1;0;0;0;0;0;0;2;2;-;-;-;-;-;-;-;-;-;-;-;-;-;-;-;-;-;-
0;1341344598950629377;https://twitter.com/groupe_onx/status/1341344598950629377;Toutes les Ã©quipes ON-X Groupe vous souhaitent de #JoyeusesFÃªtes de fin d'annÃ©e, riches en moments magiques ! ğŸ„ğŸ Prenez bien soin de votre #santÃ© et celle de vos proches. Et rendez-vous en #2020 pour relever ensemble de nouveaux dÃ©fis. #transformation #projets #innovation https://t.co/YZGM903ETt;2020-12-22 11:27:00+00:00;798;6;0.0075187969924812;0;0;0;2;0;0;2;0;0;0;0;0;0;16;2;-;-;-;-;-;-;-;-;-;-;-;-;-;-;-;-;-;-
1;1339590445056229376;https://twitter.com/groupe_onx/status/1339590445056229376;"ğŸ›¡ÃŠtes-vous suffisamment parÃ© face Ã  une #cyberattaque ? Nâ€™imaginez plus votre niveau de sÃ©curitÃ© et faites appel Ã  notre Ã©quipe d'auditeurs pour Ã©prouver vos dÃ©fenses ou les contrÃ´ler : https://t.co/lIsXRgZJBd
#pentest #auditdesÃ©curitÃ© #phishing #readteam #testintrusion https://t.co/EOzz0UD6up";2020-12-17 15:17:00+00:00;970;9;0.0092783505154639;0;0;0;0;1;0;3;0;0;0;0;0;0;46;5;-;-;-;-;-;-;-;-;-;-;-;-;-;-;-;-;-;-
2;1337086430263259136;https://twitter.com/groupe_onx/status/1337086430263259136;"La #PBWS2020 continue jusqu'Ã  21h.
ğŸ“¢ En direct : Keynote de Cedric O, SecrÃ©taire d'Etat chargÃ© de la Transition numÃ©rique, qui nous fait l'honneur de rÃ©aliser une Keynote sur l'importance de dÃ©velopper le marchÃ© de la #Blockchain #ONXBlockchain https://t.co/JaOO6rj2DN";2020-12-10 17:27:00+00:00;883;9;0.0101925254813137;1;1;1;0;0;0;6;0;0;0;0;0;0;0;0;-;-;-;-;-;-;-;-;-;-;-;-;-;-;-;-;-;-
3;1337003570353332226;https://twitter.com/groupe_onx/status/1337003570353332226;"ğŸ“¢ En direct de la #PBWS : notre expert #Blockchain Nicolas Cantu intervient en compagnie de la FÃ©dÃ©ration Open Space Makers sur le sujet : ""Blockchain and Space : the Next Frontier"". ğŸ›°
ğŸ‘‰RDV juste aprÃ¨s son intervention sur le stand ON-X Blockchain pour prolonger les Ã©changes. https://t.co/Jln1u3lakU";2020-12-10 11:57:00+00:00;726;4;0.0055096418732782;0;0;0;0;0;0;4;0;0;0;0;0;0;0;0;-;-;-;-;-;-;-;-;-;-;-;-;-;-;-;-;-;-
4;1336974547854168065;https://twitter.com/groupe_onx/status/1336974547854168065;"#PBWS2020 - Jour 2 ! ğŸš€Aujourd'hui, notre expert Nicolas Cantu interviendra Ã  12h40 sur un sujet innovant et passionnant : #blockchain  and Space : the Next Frontier"". ğŸ›°. Ne ratez pas Ã  18h la Keynote de CÃ©dric O, SecrÃ©taire d'Etat chargÃ© de la Transition numÃ©rique. https://t.co/1Z8SszyHuB";2020-12-10 10:02:00+00:00;834;13;0.0155875299760191;1;0;4;2;0;0;5;0;0;0;0;0;0;1;1;-;-;-;-;-;-;-;-;-;-;-;-;-;-;-;-;-;-
5;1336750538885648385;https://twitter.com/groupe_onx/status/1336750538885648385;"ğŸ“¢ En direct de la #PBWS : notre expert #Blockchain, Nicolas Cantu intervient en compagnie de Pauline Adam-Kalfon, Odile PANCIATICI, Andre Charles Legendre et Olivier Jaillon lors de la confÃ©rence ""Digitalization of Processes with Blockchain - by PwC""
https://t.co/1UOOsfA56p https://t.co/tnGLIkHP9b";2020-12-09 19:12:00+00:00;794;16;0.0201511335012594;1;0;0;1;0;0;5;0;0;0;0;0;0;9;9;-;-;-;-;-;-;-;-;-;-;-;-;-;-;-;-;-;-
6;1336643231665315841;https://twitter.com/groupe_onx/status/1336643231665315841;"ğŸ“¢ En direct de la #PBWS : interview de notre expert @amarmic avec @katborlongan, Director of @LaFrenchTech, au sujet du marchÃ© de la Blockchain.
#Blockchain #cryptomonnaies https://t.co/0SX1gmD1il";2020-12-09 12:05:00+00:00;705;20;0.0283687943262411;1;0;2;4;0;0;8;0;0;0;0;0;0;5;5;-;-;-;-;-;-;-;-;-;-;-;-;-;-;-;-;-;-
7;1336605373827076096;https://twitter.com/groupe_onx/status/1336605373827076096;"La #PBWS2020 a commencÃ© ! ğŸš€2 jours de confÃ©rences passionnantes sur la #Blockchain et les #Cryptomonnaies. RDV sur le stand virtuel d'ON-X Blockchain pour rencontrer nos experts et Ã©changer sur vos projets. 
https://t.co/1UOOsfA56p
#PBWS #BuildtheWeb #Consulting #Developpement https://t.co/KofXkO9TRf";2020-12-09 09:35:00+00:00;852;10;0.0117370892018779;2;0;2;0;0;0;4;0;0;0;0;0;0;2;2;-;-;-;-;-;-;-;-;-;-;-;-;-;-;-;-;-;-
8;1336265726034898944;https://twitter.com/groupe_onx/status/1336265726034898944;J-1 avant #PBWS2020, la plus grande confÃ©rence #Blockchain d'Europe. Ne ratez pas les trois interventions de Nicolas Cantu, directeur d'ON-X Blockchain. Inscription ğŸ‘‰https://t.co/tMz4Mdy8BP https://t.co/ngB6HZlZxx;2020-12-08 11:05:00+00:00;755;18;0.023841059602649;1;0;2;0;0;1;8;0;0;0;0;0;0;6;6;-;-;-;-;-;-;-;-;-;-;-;-;-;-;-;-;-;-
0;1354117778370940929;https://twitter.com/groupe_onx/status/1354117778370940929;Voici un reportage Ã©difiant deÂ @brutofficielÂ sur les services de la ville d'Angers, paralysÃ©s suite Ã  uneÂ #cyberattaque. Et vous, Ãªtes vous sÃ»rs que vos dÃ©fenses sont suffisamment rÃ©sistantes ? N'imaginez plus votre niveau deÂ #sÃ©curitÃ©, mesurez-le !Â https://t.co/e5eY7xAKyo https://t.co/G5abxh80sY;2021-01-26 17:23:00+00:00;1092;2;0.0018315018315018;0;0;0;1;0;0;1;0;0;0;0;0;0;0;0;-;-;-;-;-;-;-;-;-;-;-;-;-;-;-;-;-;-
1;1351470137401077760;https://twitter.com/groupe_onx/status/1351470137401077760;"#ImmersiveLearning ou comment renforcer la #mÃ©morisation et l'#engagement des apprenants, grÃ¢ce Ã  l'immersion et l'expÃ©rimentation. A la clÃ© : des gains en productivitÃ© et en contrÃ´le qualitÃ© !
#rÃ©alitÃ©virtuelle #maintenance #formation #industrie40 
https://t.co/Jz0Xa3R4gv https://t.co/LpqyGHnlfR";2021-01-19 10:02:00+00:00;927;2;0.0021574973031283;0;0;0;0;0;0;2;0;0;0;0;0;0;9;0;-;-;-;-;-;-;-;-;-;-;-;-;-;-;-;-;-;-
2;1349704126247153664;https://twitter.com/groupe_onx/status/1349704126247153664;"Notre Ã©quipe #SÃ©curitÃ©NumÃ©rique participe le 21/01 au #Jobdating Cyber &amp; FÃ©minin organisÃ© par le CEFCYS, Ã©vÃ¨nement en ligne pour promouvoir les femmes dans les mÃ©tiers de la #cybersÃ©curitÃ©. Inscription et candidature ğŸ‘‰https://t.co/pbT2VdUt9a https://t.co/PTEOJpTSYV";2021-01-14 13:05:00+00:00;1410;11;0.0078014184397163;3;0;2;0;0;0;4;0;0;0;0;0;0;2;2;-;-;-;-;-;-;-;-;-;-;-;-;-;-;-;-;-;-
3;1349306918322532352;https://twitter.com/groupe_onx/status/1349306918322532352;"Chaque mois, nos experts #RGPD dÃ©cryptent lâ€™actualitÃ© liÃ©e Ã  la #ViePrivÃ©e et Ã  la protection des #DonnÃ©esPersonnelles dans notre newsletter Â« Conseil #DPO Â». ğŸ§ğŸ“°
Retrouvez en vidÃ©o les sujets abordÃ©s ce mois-ci ! ğŸ
https://t.co/DUrSrdBAzx https://t.co/oAB8X6sw7Y";2021-01-13 10:46:00+00:00;1186;16;0.0134907251264755;2;0;2;2;1;0;5;0;0;0;0;0;0;48;4;-;-;-;-;-;-;-;-;-;-;-;-;-;-;-;-;-;-
4;1347213192540413952;https://twitter.com/groupe_onx/status/1347213192540413952;Un article publiÃ© par le magazine Entreprendre projette une augmentation du nombre de #cyberattaques en 2021 : https://t.co/nSgM1OvQfN ğŸ›¡Et vous, Ãªtes vous parÃ© face Ã  cette menace ? Demandez un diagnostic de votre niveau de #sÃ©curitÃ© : https://t.co/e5eY7xAKyo;2021-01-07 16:07:00+00:00;800;3;0.00375;0;0;0;0;1;0;2;0;0;0;0;0;0;0;0;-;-;-;-;-;-;-;-;-;-;-;-;-;-;-;-;-;-
5;1346445569074622466;https://twitter.com/groupe_onx/status/1346445569074622466;ON-X Groupe vous adresse ses meilleurs #vÅ“ux de bonheur, de santÃ© et de rÃ©ussite. ğŸ¥‚ Toutes nos Ã©quipes sont trÃ¨s enthousiastes de vous accompagner au cours de cette annÃ©e 2021 pour faire en sorte que vos projets soient couronnÃ©s de succÃ¨s. ğŸ¯ğŸ† #numÃ©rique #innovation #agilitÃ© https://t.co/n80YEq2Zvp;2021-01-05 13:16:00+00:00;1059;5;0.0047214353163361;3;0;1;0;0;0;0;0;0;0;0;0;0;26;1;-;-;-;-;-;-;-;-;-;-;-;-;-;-;-;-;-;-
0;1365265962396770305;https://twitter.com/groupe_onx/status/1365265962396770305;"TÃ©lÃ©chargez le #LivreBlanc de notre partenaire 
@PTC_France pour comprendre, Ã  travers des tÃ©moignages, comment la #RÃ©alitÃ©AugmentÃ©e se positionne comme un allier stratÃ©gique pour les #industriels.
ğŸ‘‰ https://t.co/rIW0Dfk2Pj
#PTC #industrie40 #AR https://t.co/zr0wL8vAHn";2021-02-26 11:42:00+00:00;966;0;0.0;0;0;0;0;0;0;0;0;0;0;0;0;0;0;0;-;-;-;-;-;-;-;-;-;-;-;-;-;-;-;-;-;-
1;1364189388637413384;https://twitter.com/groupe_onx/status/1364189388637413384;"#CriseSanitaire : en tant que #collectivitÃ©, dÃ©couvrez nos conseils pour vous accompagner :
â–¶ Ã  dÃ©finir une stratÃ©gie des #UsagesNumÃ©riques rÃ©siliente,
â–¶ Ã  mettre rapidement en Å“uvre cette derniÃ¨re.
ğŸ‘‰ https://t.co/qCJrgNrO8u https://t.co/R95EMQmBQh";2021-02-23 12:24:00+00:00;1087;11;0.0101195952161913;1;0;2;0;1;0;5;0;0;0;0;0;0;2;2;-;-;-;-;-;-;-;-;-;-;-;-;-;-;-;-;-;-
2;1362458860506734596;https://twitter.com/groupe_onx/status/1362458860506734596;"TÃ©lÃ©chargez le #LivreBlanc de notre partenaire @PTC_France  pour comprendre, Ã  travers des tÃ©moignages, comment la #RÃ©alitÃ©AugmentÃ©e se positionne comme un allier stratÃ©gique pour les #industrielsğŸ‘‰ https://t.co/BghvdUmE2g 
#PTC #industrie40 #AR https://t.co/Y5n5xWN3xR";2021-02-18 17:48:00+00:00;1130;9;0.0079646017699115;1;0;2;1;0;1;3;0;0;0;0;0;0;1;1;-;-;-;-;-;-;-;-;-;-;-;-;-;-;-;-;-;-
3;1361718349579907074;https://twitter.com/groupe_onx/status/1361718349579907074;"ğŸ›¡ÃŠtes-vous suffisamment parÃ© face Ã  une #cyberattaque ? Nâ€™imaginez plus votre niveau de sÃ©curitÃ© et faites appel Ã  notre Ã©quipe d'auditeurs pour Ã©prouver vos dÃ©fenses ou les contrÃ´ler : https://t.co/lIsXRhhkZN
#pentest #auditdesÃ©curitÃ© #phishing #readteam #testintrusion https://t.co/YlDIwcK6Be";2021-02-16 16:45:00+00:00;1123;4;0.0035618878005342;1;0;0;0;0;0;2;0;0;0;0;0;0;29;1;-;-;-;-;-;-;-;-;-;-;-;-;-;-;-;-;-;-
4;1359861299002421251;https://twitter.com/groupe_onx/status/1359861299002421251;"ğŸ’¡ #Innovation : Comment valider l'emplacement d'armoires #FttH en moins de 5 minutes ? â±Testez Inst'AR, l'application pour valider l'emplacement d'une armoire grÃ¢ce Ã  la #RÃ©alitÃ©AugmentÃ©e.
ğŸ‘‰ https://t.co/nI9zLm9Rjd
#AR #FibreOptique #FttE #FttX #FranceTHD #Fibre #TrÃ¨sHautDÃ©bit https://t.co/7LAxXUhlyC";2021-02-11 13:46:00+00:00;1119;8;0.0071492403932082;0;0;0;0;0;2;3;0;0;0;0;0;0;23;3;-;-;-;-;-;-;-;-;-;-;-;-;-;-;-;-;-;-
5;1359102554441924613;https://twitter.com/groupe_onx/status/1359102554441924613;"Chaque mois, nos experts #RGPD dÃ©cryptent lâ€™actualitÃ© liÃ©e Ã  la #ViePrivÃ©e et Ã  la protection des #DonnÃ©esPersonnelles dans notre newsletter Â« Conseil #DPO Â». ğŸ§ğŸ“°
Retrouvez en vidÃ©o les sujets abordÃ©s ce mois-ci ! ğŸ
https://t.co/crkqeAiq35 https://t.co/Kdy6hYLZZF";2021-02-09 11:31:00+00:00;1188;5;0.0042087542087542;1;0;1;0;0;0;3;0;0;0;0;0;0;31;0;-;-;-;-;-;-;-;-;-;-;-;-;-;-;-;-;-;-
6;1357295154516918273;https://twitter.com/groupe_onx/status/1357295154516918273;"Nos consultants en #SÃ©curitÃ©NumÃ©rique ont participÃ© Ã  la rÃ©union de reprise du #Club27001 sur Paris, fin janvier.
ON-X Groupe est l'un des membres historiques du Club, pour accompagner au mieux nos clients dans leur certification, selon les normes ISO 27001 et ISO 27701. https://t.co/M3YrCHibL5";2021-02-04 11:49:00+00:00;1456;11;0.007554945054945;1;0;3;2;0;0;2;0;0;0;0;0;0;3;3;-;-;-;-;-;-;-;-;-;-;-;-;-;-;-;-;-;-
7;1356570146790334466;https://twitter.com/groupe_onx/status/1356570146790334466;"DÃ©couvrez cet article Forbes qui explique comment la #Blockchain rÃ©sout de maniÃ¨re efficace et inÃ©dite des problÃ¨mes rencontrÃ©s dans de nombreux secteurs d'activitÃ©: #tracabilitÃ©, chaines d'approvisionnement, sÃ©curitÃ©, transparence, droits de propriÃ©tÃ©...
https://t.co/fNhP4b4UAw";2021-02-02 11:48:00+00:00;1046;3;0.002868068833652;0;0;1;0;0;0;2;0;0;0;0;0;0;0;0;-;-;-;-;-;-;-;-;-;-;-;-;-;-;-;-;-;-
0;1376890589065711616;https://twitter.com/groupe_onx/status/1376890589065711616;"ğŸ›¡ÃŠtes-vous suffisamment parÃ© face Ã  une #cyberattaque ? Nâ€™imaginez plus votre niveau de sÃ©curitÃ© et faites appel Ã  notre Ã©quipe d'auditeurs pour Ã©prouver vos dÃ©fenses ou les contrÃ´ler : https://t.co/lIsXRhhkZN
#pentest #auditdesÃ©curitÃ© #phishing #readteam #testintrusion https://t.co/r0Dv4UvBl8";2021-03-30 13:34:00+00:00;908;3;0.0033039647577092;0;0;2;1;0;0;0;0;0;0;0;0;0;0;0;-;-;-;-;-;-;-;-;-;-;-;-;-;-;-;-;-;-
1;1375037678379487236;https://twitter.com/groupe_onx/status/1375037678379487236;"[E-JOB DATING] Nos Ã©quipes recrutement participent aujourd'hui au forum virtuel organisÃ© par Toulouse Ynov Campus, dÃ©diÃ© aux mÃ©tiers du #digital et de l'#informatique. Bon entretien Ã  tous les Ã©tudiants !
Retrouvez nos offres d'emploi sur notre site ğŸ‘‰ https://t.co/xkBi2KXpBn https://t.co/0A7EWW8z5D";2021-03-25 10:51:00+00:00;910;4;0.0043956043956043;0;0;0;0;0;0;3;0;0;0;0;0;0;1;1;-;-;-;-;-;-;-;-;-;-;-;-;-;-;-;-;-;-
2;1374645252485746697;https://twitter.com/groupe_onx/status/1374645252485746697;"Nos Ã©quipes participent le jeudi 25 mars au forum virtuel organisÃ© par Toulouse Ynov Campus, dÃ©diÃ© aux mÃ©tiers du #digital et de l'#informatique.
Vous Ãªtes Ã  la recherche d'un #stage ou d'une #alternance ? Rencontrez nos Ã©quipes #recrutement ğŸ‘‰ https://t.co/C9Do6KmVgo https://t.co/bhqNwo1JXN";2021-03-24 08:52:00+00:00;998;6;0.0060120240480961;0;0;1;1;0;1;1;0;0;0;0;0;0;2;2;-;-;-;-;-;-;-;-;-;-;-;-;-;-;-;-;-;-
3;1374338168997171201;https://twitter.com/groupe_onx/status/1374338168997171201;"Dans le cadre dâ€™une mission de #sÃ©curitÃ© pour un opÃ©rateur tÃ©lÃ©coms, nos Ã©quipes #Pentest ont dÃ©couvert une chaÃ®ne de vulnÃ©rabilitÃ©s permettant Ã  un attaquant de s'introduire Ã  distance dans le rÃ©seau d'administration  de l'opÃ©rateurğŸ‘‰https://t.co/HtW5a6nNxV
#CVE #cybersÃ©curitÃ© https://t.co/GF9zA8JcWe";2021-03-23 12:32:00+00:00;1571;26;0.0165499681731381;4;0;3;3;6;0;9;0;0;0;0;0;0;1;1;-;-;-;-;-;-;-;-;-;-;-;-;-;-;-;-;-;-
4;1372510145113157634;https://twitter.com/groupe_onx/status/1372510145113157634;"Nos Ã©quipes s'installent dans de nouveaux locaux Ã  Lyon et recherchent de nouveaux talents #Cloud : #Consultant Cloud, Architecte Cloud, IngÃ©nieur Cloud #DevOps. Retrouvez toutes nos offres sur notre site internet : https://t.co/X30nnwZK8a
#recrutement #innovation #numÃ©rique https://t.co/0rTMhjup2v";2021-03-18 11:28:00+00:00;1039;17;0.0163618864292589;1;0;2;0;0;0;5;0;0;0;0;0;0;9;9;-;-;-;-;-;-;-;-;-;-;-;-;-;-;-;-;-;-
5;1371837076627451913;https://twitter.com/groupe_onx/status/1371837076627451913;"TÃ©lÃ©chargez le #LivreBlanc de notre partenaire 
@PTC_France  pour comprendre, Ã  travers des tÃ©moignages, comment la #RÃ©alitÃ©AugmentÃ©e se positionne comme un allier stratÃ©gique pour les #industriels.
ğŸ‘‰ https://t.co/rIW0Dfk2Pj
#PTC #industrie40 #AR https://t.co/lWdFI0EOyM";2021-03-16 14:53:00+00:00;1012;3;0.0029644268774703;0;0;2;0;0;0;0;0;0;0;0;0;0;1;1;-;-;-;-;-;-;-;-;-;-;-;-;-;-;-;-;-;-
6;1370031834231345152;https://twitter.com/groupe_onx/status/1370031834231345152;"Chaque mois, nos experts #RGPD dÃ©cryptent lâ€™actualitÃ© liÃ©e Ã  la #ViePrivÃ©e et Ã  la protection des #DonnÃ©esPersonnelles dans notre newsletter Â« Conseil #DPO Â». ğŸ§ğŸ“°
Retrouvez en vidÃ©o les sujets abordÃ©s ce mois-ci ! ğŸ
https://t.co/5ZX9P17qQ4";2021-03-11 15:20:00+00:00;986;19;0.0192697768762677;0;0;2;4;0;0;9;0;0;0;0;0;0;4;4;-;-;-;-;-;-;-;-;-;-;-;-;-;-;-;-;-;-
7;1369234201543852032;https://twitter.com/groupe_onx/status/1369234201543852032;La #Blockchain rÃ©pond de maniÃ¨re efficace et innovante aux enjeux des entreprises : fluidifier et sÃ©curiser les chaÃ®nes d'approvisionnement, protÃ©ger les droits de propriÃ©tÃ©s, diffuser une information fiable et incorruptible, lutter contre la fraude... https://t.co/ISXRwsMgkG https://t.co/3eSz0htZMl;2021-03-09 10:30:00+00:00;961;5;0.0052029136316337;0;0;0;2;0;0;1;0;0;0;0;0;0;2;2;-;-;-;-;-;-;-;-;-;-;-;-;-;-;-;-;-;-
8;1367439172093562886;https://twitter.com/groupe_onx/status/1367439172093562886;La #RÃ©alitÃ©AugmentÃ©e au service de l'#EfficacitÃ©Iindustrielle. Dans cet ex, les techniciens visualisent les canalisations souterraines pour gagner en efficacitÃ© lors des interventions, en rÃ©duisant le risque d'erreur. https://t.co/CdiiR8jyVf #AR #industrie40 https://t.co/2oYdnmaAED;2021-03-04 11:37:00+00:00;997;8;0.0080240722166499;0;0;1;0;0;0;4;0;0;0;0;0;0;17;3;-;-;-;-;-;-;-;-;-;-;-;-;-;-;-;-;-;-
9;1366765484520189957;https://twitter.com/groupe_onx/status/1366765484520189957;"27 #cyberattaques d'#hÃ´pitaux en 2020 et depuis dÃ©but 2021. Il est Urgent de renforcer la #sÃ©curitÃ© informatique des acteurs de la santÃ©, pour assurer la continuitÃ© des soins et protÃ©ger les donnÃ©es de #santÃ©. 
https://t.co/e5eY7xAKyo https://t.co/Jj5SWSDIol";2021-03-02 15:00:00+00:00;1013;6;0.0059230009871668;0;0;1;0;0;0;5;0;0;0;0;0;0;0;0;-;-;-;-;-;-;-;-;-;-;-;-;-;-;-;-;-;-
0;1387711303238799360;https://twitter.com/groupe_onx/status/1387711303238799360;#ISO27701 : Comment faire rimer #RGPD avec #SÃ©curitÃ© ?  RÃ©ponse dans notre guide, rÃ©alisÃ© avec notre partenaire Synelience ğŸ‘‰https://t.co/4frPYAFHO9 #DPO #privacy https://t.co/I5CbZpIQS1;2021-04-29 10:12:00+00:00;624;2;0.0032051282051282;0;0;1;0;0;0;0;0;0;0;0;0;0;1;1;-;-;-;-;-;-;-;-;-;-;-;-;-;-;-;-;-;-
1;1385252510546399236;https://twitter.com/groupe_onx/status/1385252510546399236;"Retrouvez dans le rapport d'activitÃ© 2020 de @cybervictimes les chiffres et tendances des #cybermenaces. https://t.co/cWoyjpWQJj
Et vous, Ãªtes vous suffisamment parÃ© Ã  une #cyberattaque ? Demandez un diagnostic de votre niveau de #sÃ©curitÃ© ğŸ‘‰https://t.co/e5eY7xAKyo";2021-04-22 15:21:00+00:00;620;2;0.0032258064516129;0;0;0;0;0;0;2;0;0;0;0;0;0;0;0;-;-;-;-;-;-;-;-;-;-;-;-;-;-;-;-;-;-
2;1381979917106155521;https://twitter.com/groupe_onx/status/1381979917106155521;"ğŸ“¢ Dans le cadre de notre dÃ©veloppement dans la #cybersÃ©curitÃ©, nous recherchons de nouveaux talents pour accompagner nos clients dans la rÃ©gion parisienne ou toulousaine. Retrouvez sur notre site toutes nos offres d'emploi en CDI (H/F) : https://t.co/X30nnwZK8a
#reconfinement https://t.co/WdSxhcsOgm";2021-04-13 14:37:00+00:00;1054;5;0.0047438330170777;0;0;0;0;2;0;1;0;0;0;0;0;0;2;2;-;-;-;-;-;-;-;-;-;-;-;-;-;-;-;-;-;-
3;1380134619262160912;https://twitter.com/groupe_onx/status/1380134619262160912;"Chaque mois, nos experts #RGPD dÃ©cryptent lâ€™actualitÃ© liÃ©e Ã  la #ViePrivÃ©e et Ã  la protection des #DonnÃ©esPersonnelles dans notre newsletter Â« Conseil #DPO Â». ğŸ§ğŸ“°
Retrouvez en vidÃ©o les sujets abordÃ©s ce mois-ci ! ğŸ
https://t.co/tugpjnhrw6";2021-04-08 12:25:00+00:00;840;16;0.019047619047619;3;0;4;0;4;0;3;0;0;0;0;0;0;2;2;-;-;-;-;-;-;-;-;-;-;-;-;-;-;-;-;-;-
4;1379389357900115972;https://twitter.com/groupe_onx/status/1379389357900115972;Connaissez-vous les #NFT ? Ces jetons non fongibles s'appuient sur la #blockchain pour prÃ©senter une authenticitÃ© et une #traÃ§abilitÃ© incontestables et inviolables. Une vÃ©ritable rÃ©volution pour le marchÃ© de l'#ArtNumÃ©rique. Article de l'Usine Nouvelle : https://t.co/cumDJgLLrc;2021-04-06 11:03:00+00:00;618;8;0.0129449838187702;0;0;2;1;1;0;4;0;0;0;0;0;0;0;0;-;-;-;-;-;-;-;-;-;-;-;-;-;-;-;-;-;-
5;1377592106064211969;https://twitter.com/groupe_onx/status/1377592106064211969;Suite aux annonces d'hier, les poissons d'avril resteront confinÃ©s cette annÃ©e. Chez ON-X, nous restons optimistes et mobilisÃ©s pour vous accompagner dans vos projets de #transformation numÃ©rique. Bon #1eravril et bon courage pour ce nouveau #confinement. https://t.co/xkBi2KXpBn https://t.co/X9D0zBvROk;2021-04-01 12:02:00+00:00;759;7;0.0092226613965744;0;0;1;1;0;0;2;0;0;0;0;0;0;3;3;-;-;-;-;-;-;-;-;-;-;-;-;-;-;-;-;-;-
0;1397903907595108359;https://twitter.com/groupe_onx/status/1397903907595108359;"Pour rÃ©ussir votre projet #AR industriel, commencez par dÃ©terminer les problÃ©matiques auxquelles devront rÃ©pondre votre solution.ğŸ’¡

ğŸ”¹Pour plus de conseils, tÃ©lÃ©chargez notre Livre Blanc rÃ©alisÃ© avec notre partenaire @PTC : https://t.co/IQNejzSaqn

#rÃ©alitÃ©augmentÃ©e #industrie40 https://t.co/t85oGAMJsG";2021-05-27 13:13:00+00:00;623;6;0.0096308186195826;1;0;0;0;0;0;5;0;0;0;0;0;0;0;0;-;-;-;-;-;-;-;-;-;-;-;-;-;-;-;-;-;-
1;1395648879111151617;https://twitter.com/groupe_onx/status/1395648879111151617;"ğŸ“¢ Notre partenaire amÃ©ricain @PTC prÃ©sentera son nouveau service Vuforia Instruct lors d'un live ce jeudi 27 mai !

#AR #AugmentedReality #Industrie40 #Innovation https://t.co/o1BC8Twe8X";2021-05-21 07:53:00+00:00;699;3;0.0042918454935622;0;0;2;0;0;0;1;0;0;0;0;0;0;0;0;-;-;-;-;-;-;-;-;-;-;-;-;-;-;-;-;-;-
2;1394631135779508224;https://twitter.com/groupe_onx/status/1394631135779508224;"Nos Ã©quipes #recrutement participent au @ForumToulouse Technologies, du 20/05 au 07/06 Ã  Toulouse. L'occasion de vous prÃ©senter nos offres d'emploi Ã  Paris, Toulouse et Lyon #RÃ©seaux #Telecoms #CybersÃ©curitÃ© #DevOps 
Inscription ğŸ‘‰https://t.co/WedKqep5hE https://t.co/LeNMjvrb6o";2021-05-18 12:29:00+00:00;674;8;0.0118694362017804;0;0;1;0;0;1;6;0;0;0;0;0;0;0;0;-;-;-;-;-;-;-;-;-;-;-;-;-;-;-;-;-;-
3;1391776250340028421;https://twitter.com/groupe_onx/status/1391776250340028421;"Chaque mois, nos experts #RGPD dÃ©cryptent lâ€™actualitÃ© liÃ©e Ã  la #ViePrivÃ©e et Ã  la protection des #DonnÃ©esPersonnelles dans notre newsletter Â« Conseil #DPO Â». ğŸ§ğŸ“°
Retrouvez en vidÃ©o les sujets abordÃ©s ce mois-ci ! ğŸ
https://t.co/mzsdTmghQR";2021-05-10 15:24:00+00:00;735;6;0.0081632653061224;1;0;2;0;2;0;0;0;0;0;0;0;0;1;1;-;-;-;-;-;-;-;-;-;-;-;-;-;-;-;-;-;-
4;1390597571530346500;https://twitter.com/groupe_onx/status/1390597571530346500;DÃ©couvrez l'article de Nicolas Cantu @crc321402475165, notre expert en #Blockchain et #cryptomonnaies , paru dans la newsletter 21 Millions. L'occasion de tout comprendre au sujet de Taproot, la derniÃ¨re mise Ã  jour du #Bitcoin. https://t.co/MUsIuFjSp2;2021-05-07 09:21:00+00:00;1026;9;0.0087719298245614;1;0;3;3;0;0;2;0;0;0;0;0;0;0;0;-;-;-;-;-;-;-;-;-;-;-;-;-;-;-;-;-;-
5;1389556502877384705;https://twitter.com/groupe_onx/status/1389556502877384705;"DÃ©couvrez dans notre #livreblanc, rÃ©alisÃ© avec notre partenaire PTC, quelles sont les Â«Â 6 Ã©tapes pour rÃ©ussir votre projet #ARÂ Â» et ainsi, accÃ©lÃ©rer votre ROI ! https://t.co/aODkr71U81
#rÃ©alitÃ©augmentÃ©e #expÃ©rienceAR #opÃ©rateuraugmentÃ© #industrie40 #usinedufutur #PTC https://t.co/iYb6M9shLf";2021-05-04 12:24:00+00:00;630;4;0.0063492063492063;0;0;0;0;1;0;3;0;0;0;0;0;0;0;0;-;-;-;-;-;-;-;-;-;-;-;-;-;-;-;-;-;-
0;1408081153672859649;https://twitter.com/groupe_onx/status/1408081153672859649;"Anticipez et bloquez les #cyberattaques sur vos terminaux avec notre offre EDR, managÃ©e par nos experts en #cybersÃ©curitÃ©. 
https://t.co/YDc3H8N9SQ
#EDR #MDR #Ransomwares #Harfanglab https://t.co/MrIFQ6PMqr";2021-06-24 15:14:00+00:00;610;6;0.0098360655737704;2;0;1;0;1;0;1;0;0;0;0;0;0;37;1;-;-;-;-;-;-;-;-;-;-;-;-;-;-;-;-;-;-
1;1406954492046761984;https://twitter.com/groupe_onx/status/1406954492046761984;"J-3 pour vous inscrire Ã  notre #webinar ğ˜Šğ˜°ğ˜®ğ˜®ğ˜¦ğ˜¯ğ˜µ ğ˜´ğ˜°ğ˜³ğ˜µğ˜ªğ˜³ ğ˜¥ğ˜¶ ğ˜±ğ˜¶ğ˜³ğ˜¨ğ˜¢ğ˜µğ˜°ğ˜ªğ˜³ğ˜¦ ğ˜¥ğ˜¦ğ˜´ ""ğ˜—ğ˜³ğ˜°ğ˜°ğ˜§ ğ˜–ğ˜§ ğ˜Šğ˜°ğ˜¯ğ˜¤ğ˜¦ğ˜±ğ˜µ"" ?
ğŸ“Œ Jeudi 24 juin Ã  17h
ğŸ’¬ En anglais
ğŸ“ S'inscrire : https://t.co/6S48Plbec8
#RÃ©alitÃ©Virtuelle #VR #immersivelearning #industry #innoactive https://t.co/uvG5Mi1reX";2021-06-21 12:37:00+00:00;511;3;0.0058708414872798;0;0;0;0;0;0;3;0;0;0;0;0;0;19;0;-;-;-;-;-;-;-;-;-;-;-;-;-;-;-;-;-;-
2;1405531817034207242;https://twitter.com/groupe_onx/status/1405531817034207242;"[#Webinar] J-7 pour vous inscrire Ã  notre webinar ğ˜Šğ˜°ğ˜®ğ˜®ğ˜¦ğ˜¯ğ˜µ ğ˜´ğ˜°ğ˜³ğ˜µğ˜ªğ˜³ ğ˜¥ğ˜¶ ğ˜±ğ˜¶ğ˜³ğ˜¨ğ˜¢ğ˜µğ˜°ğ˜ªğ˜³ğ˜¦ ğ˜¥ğ˜¦ğ˜´ ""ğ˜—ğ˜³ğ˜°ğ˜°ğ˜§ ğ˜–ğ˜§ ğ˜Šğ˜°ğ˜¯ğ˜¤ğ˜¦ğ˜±ğ˜µ"" ?
ğŸ“Œ Jeudi 24 juin Ã  17h
ğŸ’¬ En anglais
ğŸ“ S'inscrire : https://t.co/6S48PlsP3G
 #VR #immersivelearning #industry #innoactive #ONXgroupe https://t.co/r73gxOJ4Di";2021-06-17 14:24:00+00:00;515;4;0.0077669902912621;0;0;0;0;3;0;1;0;0;0;0;0;0;0;0;-;-;-;-;-;-;-;-;-;-;-;-;-;-;-;-;-;-
3;1404813689316913163;https://twitter.com/groupe_onx/status/1404813689316913163;"Chaque mois, nos experts #RGPD dÃ©cryptent lâ€™actualitÃ© liÃ©e Ã  la #ViePrivÃ©e et Ã  la protection des #DonnÃ©esPersonnelles dans notre newsletter Â« Conseil #DPO Â». ğŸ§ğŸ—
Retrouvez en vidÃ©o les sujets abordÃ©s ce mois-ci ! ğŸ
https://t.co/5OXlrQH1ak";2021-06-15 14:50:00+00:00;610;7;0.0114754098360655;1;0;2;0;1;0;2;0;0;0;0;0;0;1;1;-;-;-;-;-;-;-;-;-;-;-;-;-;-;-;-;-;-
4;1402583247842951173;https://twitter.com/groupe_onx/status/1402583247842951173;"Tous les mois, retrouvez dans notre #newsletter ğ“&amp;ğğ®ğ¦ toute l'actualitÃ© des #TerritoiresNumÃ©riques. ğŸ¡ğŸ¥ğŸ¨
Ce mois-ci : zoom sur le rÃ´le des #OPSN et tÃ©moignage du directeur de Tarn-et-Garonne NumÃ©rique. Abonnez-vous : https://t.co/g37kSK5CSg https://t.co/3KmYWwMpCz";2021-06-09 11:07:00+00:00;938;11;0.0117270788912579;2;0;1;0;2;0;3;0;0;0;0;0;0;3;3;-;-;-;-;-;-;-;-;-;-;-;-;-;-;-;-;-;-
5;1402290615442890760;https://twitter.com/groupe_onx/status/1402290615442890760;"Anticipez et bloquez les #cyberattaques sur vos terminaux avec notre offre EDR, managÃ©e par nos experts en #cybersÃ©curitÃ©. 
https://t.co/Ri8HqkMVLN
#EDR #MDR #Ransomwares #Harfanglab https://t.co/83rhkHLaHb";2021-06-08 15:45:00+00:00;580;5;0.0086206896551724;0;0;0;0;0;1;3;0;0;0;0;0;0;1;1;-;-;-;-;-;-;-;-;-;-;-;-;-;-;-;-;-;-
6;1400046596537176064;https://twitter.com/groupe_onx/status/1400046596537176064;FÃ©licitations Ã  notre partenaire @harfanglab qui vient de lever 5 millions d'euros !ğŸ‘ğŸ‘ DÃ©couvrez notre offre en #servicemanagÃ© oÃ¹ nos experts en #cybersÃ©curitÃ© pilotent pour vous votre #EDR ğŸ‘‰ https://t.co/Ri8HqkMVLN https://t.co/b0dkrcQFDd #ranÃ§ongiciels #ransomwares #MDR;2021-06-02 11:08:00+00:00;582;2;0.0034364261168384;1;0;0;0;1;0;0;0;0;0;0;0;0;0;0;-;-;-;-;-;-;-;-;-;-;-;-;-;-;-;-;-;-
7;1400044685264097281;https://twitter.com/groupe_onx/status/1400044685264097281;"#Webinar - #VirtualReality training: Escaping the PoC Purgatory. ğŸ“Œ 24th june - 5pm CET. Register: 
https://t.co/IfTwaoyNTM #VR #immersivelearning #industry40 #innoactive #ONXgroupe https://t.co/M9HR6QKroB";2021-06-02 11:00:00+00:00;871;5;0.0057405281285878;3;0;1;0;1;0;0;0;0;0;0;0;0;0;0;-;-;-;-;-;-;-;-;-;-;-;-;-;-;-;-;-;-
0;1420666657282875392;https://twitter.com/groupe_onx/status/1420666657282875392;ğŸŒ¿ğŸ’ğŸ¯ğŸŒ¿ ON-X Groupe dÃ©barque sur Welcome to the Jungle, le site de rÃ©fÃ©rence en matiÃ¨re de #recrutement IT. ğŸ”Nous recherchons une cinquantaine de profils talentueux pour rejoindre notre Ã©quipe : #cybersÃ©curitÃ© #cloud #infras #territoiresnumÃ©riques ğŸ‘‰https://t.co/kY6LFJtQLA https://t.co/ktAyALMKLj;2021-07-29 08:45:00+00:00;407;16;0.0393120393120393;1;0;2;1;7;0;1;0;0;0;0;0;0;4;4;-;-;-;-;-;-;-;-;-;-;-;-;-;-;-;-;-;-
1;1420043354633539586;https://twitter.com/groupe_onx/status/1420043354633539586;"[ğ—¥ğ—²ğ—°ğ—¿ğ˜‚ğ˜ğ—²ğ—ºğ—²ğ—»ğ˜ ğ—–ğ—¹ğ—¼ğ˜‚ğ—±]ğŸ“£ Poussez la bonne porte ! Rencontrez nos Ã©quipes ğ—¢ğ—¡-ğ—« ğ—–ğ—¹ğ—¼ğ˜‚ğ—± lors de notre ğ—–ğ—¹ğ—¼ğ˜‚ğ—± ğ——ğ—®ğ˜ğ—¶ğ—»ğ—´ du ğŸ®ğŸ¯/ğŸ¬ğŸµ. â˜ 
ğŸ¹ Au programme : #speedmeeting #networking #ConseilFinOps
Pour rejoindre nos Ã©quipes #Cloud ğŸ‘‰ https://t.co/6X2l6X4sYf https://t.co/yjIWbIB2eL";2021-07-27 15:28:00+00:00;351;0;0.0;0;0;0;0;0;0;0;0;0;0;0;0;0;0;0;-;-;-;-;-;-;-;-;-;-;-;-;-;-;-;-;-;-
2;1418205396343291905;https://twitter.com/groupe_onx/status/1418205396343291905;La #RÃ©alitÃ©AugmentÃ©e au service de l'#EfficacitÃ©Industrielle. Dans cet exemple, les techniciens visualisent les canalisations souterraines pour gagner en efficacitÃ© lors des interventions, en rÃ©duisant le risque d'erreur. https://t.co/CdiiR81XwF #AR #industrie40 https://t.co/yndoR2rVFn;2021-07-22 13:44:00+00:00;373;9;0.0241286863270777;0;0;1;0;1;0;3;0;0;0;0;0;0;22;4;-;-;-;-;-;-;-;-;-;-;-;-;-;-;-;-;-;-
3;1414977019985735686;https://twitter.com/groupe_onx/status/1414977019985735686;"Anticipez et bloquez les #cyberattaques sur vos terminaux avec notre offre EDR, managÃ©e par nos experts en #cybersÃ©curitÃ©. 
https://t.co/YDc3H8N9SQ
#EDR #MDR #Ransomwares #Harfanglab https://t.co/OtCwfvZoXG";2021-07-13 15:56:00+00:00;479;2;0.0041753653444676;0;0;0;0;0;0;2;0;0;0;0;0;0;24;0;-;-;-;-;-;-;-;-;-;-;-;-;-;-;-;-;-;-
4;1413051197431365634;https://twitter.com/groupe_onx/status/1413051197431365634;"Chaque mois, nos experts #RGPD dÃ©cryptent lâ€™actualitÃ© liÃ©e Ã  la #ViePrivÃ©e et Ã  la protection des #DonnÃ©esPersonnelles dans notre newsletter Â« Conseil #DPO Â». ğŸ§ğŸ—
Retrouvez en vidÃ©o les sujets abordÃ©s ce mois-ci ! ğŸ
https://t.co/rL2WFfIByf";2021-07-08 08:23:00+00:00;436;2;0.0045871559633027;0;0;0;0;0;0;2;0;0;0;0;0;0;0;0;-;-;-;-;-;-;-;-;-;-;-;-;-;-;-;-;-;-
5;1412390533822136322;https://twitter.com/groupe_onx/status/1412390533822136322;"Nous sommes fiers de vous annoncer lâ€™obtention du label #ExpertCyber ! Cette certification dÃ©livrÃ©e par cybermalveillance.gouv reconnaÃ®t lâ€™expertise en matiÃ¨re de #SÃ©curitÃ©NumÃ©rique des prestataires de services. 
Contactez-nous: https://t.co/9maAokOZ3T

#cybersecurite https://t.co/9HkRteEzeT";2021-07-06 12:38:00+00:00;1226;10;0.0081566068515497;1;0;5;0;0;0;3;0;0;0;0;0;0;1;1;-;-;-;-;-;-;-;-;-;-;-;-;-;-;-;-;-;-
6;1410544914123874307;https://twitter.com/groupe_onx/status/1410544914123874307;"Comment la #Blockchain peut-elle rÃ©volutionner la santÃ© de nos animaux de compagnie ? ğŸ¶ğŸ±

Pour le dÃ©couvrir, ne ratez pas l'intervention de notre expert Nicolas Cantu lors du #meetup ""Blockchain, #IoT &amp; SantÃ© animale""

Inscription ğŸ‘‰ https://t.co/bZGM3ckTY7

#Leaka";2021-07-01 10:24:00+00:00;482;3;0.0062240663900414;0;0;0;0;3;0;0;0;0;0;0;0;0;0;0;-;-;-;-;-;-;-;-;-;-;-;-;-;-;-;-;-;-
0;1432618715506520065;https://twitter.com/groupe_onx/status/1432618715506520065;#ISO27701 : Comment faire rimer #RGPD avec #SÃ©curitÃ© ?  RÃ©ponse dans notre guide, rÃ©alisÃ© avec notre partenaire Synelience ğŸ‘‰ https://t.co/4frPYAFHO9 #DPO #privacy https://t.co/l6i1tbSSxz;2021-08-31 08:18:00+00:00;409;6;0.0146699266503667;3;0;2;0;0;0;1;0;0;0;0;0;0;0;0;-;-;-;-;-;-;-;-;-;-;-;-;-;-;-;-;-;-
1;1430894173192818704;https://twitter.com/groupe_onx/status/1430894173192818704;Nos Ã©quipes #cybersÃ©curitÃ© se rÃ©jouissent de participer au #FIC2021 du 7 au 9 sept. Ã  Lille. L'occasion de prÃ©senter notre nouvelle offre MDR dÃ©veloppÃ©e avec nos partenaires @harfanglab et @sekoia_io. RDV sur notre stand F30. Inscription : https://t.co/n3tM90q4II https://t.co/uCCtyeFDJ3;2021-08-26 14:05:00+00:00;453;10;0.0220750551876379;2;0;2;1;1;0;3;0;0;0;0;0;0;1;1;-;-;-;-;-;-;-;-;-;-;-;-;-;-;-;-;-;-
2;1430452709552017410;https://twitter.com/groupe_onx/status/1430452709552017410;"[ğ—¥ğ—²ğ—°ğ—¿ğ˜‚ğ˜ğ—²ğ—ºğ—²ğ—»ğ˜ ğ—–ğ—¹ğ—¼ğ˜‚ğ—±]ğŸ“£ Poussez la bonne porte ! Rencontrez nos Ã©quipes ğ—¢ğ—¡-ğ—« ğ—–ğ—¹ğ—¼ğ˜‚ğ—± lors de notre ğ—–ğ—¹ğ—¼ğ˜‚ğ—± ğ——ğ—®ğ˜ğ—¶ğ—»ğ—´ du ğŸ®ğŸ¯/ğŸ¬ğŸµ. â˜ 
ğŸ¹ Au programme : #speedmeeting #networking #ConseilFinOps
Pour rejoindre nos Ã©quipes #Cloud ğŸ‘‰https://t.co/6X2l6X4sYf https://t.co/wtwOHhIlkl";2021-08-25 08:51:00+00:00;241;3;0.0124481327800829;0;0;0;1;0;0;2;0;0;0;0;0;0;0;0;-;-;-;-;-;-;-;-;-;-;-;-;-;-;-;-;-;-
3;1428337973037260804;https://twitter.com/groupe_onx/status/1428337973037260804;"Utilisez la #RÃ©alitÃ©AugmentÃ©e pour offrir un support premium Ã  vos opÃ©rateurs de #maintenance et booster leur #productivitÃ© grÃ¢ce Ã  la solution dâ€™assistance Ã  distance Vuforia Chalk de notre partenaire #PTC !ğŸ‘·

Essayez-la gratuitementğŸ‘‰https://t.co/NLvVuFk0F2
#industie40 #AR #RA https://t.co/o6IFMl6pr2";2021-08-19 12:48:00+00:00;262;4;0.015267175572519;0;0;0;0;0;0;2;0;0;0;0;0;0;22;2;-;-;-;-;-;-;-;-;-;-;-;-;-;-;-;-;-;-
4;1423214887526936576;https://twitter.com/groupe_onx/status/1423214887526936576;"ğŸ“¢ON-X Groupe participe au FIC qui aura lieu du ğŸ³ ğ—®ğ˜‚ ğŸµ ğ˜€ğ—²ğ—½ğ˜ğ—²ğ—ºğ—¯ğ—¿ğ—² Ã  Lille.
A cette occasion, venez rencontrer nos experts en #SÃ©curitÃ©NumÃ©rique sur le stand F30 pour Ã©changer avec eux de vos projets en #cybersÃ©curitÃ©.ğŸ›¡
ğŸ‘‰Pour vous inscrire : https://t.co/2s5UgN9a0Q https://t.co/1GrKHxNvek";2021-08-05 09:30:00+00:00;320;1;0.003125;0;0;0;0;0;0;1;0;0;0;0;0;0;0;0;-;-;-;-;-;-;-;-;-;-;-;-;-;-;-;-;-;-
5;1422533918335569920;https://twitter.com/groupe_onx/status/1422533918335569920;"ğŸš¤Câ€™est les vacances ! Mais imaginez ne plus pouvoir redÃ©marrer votre bateau.ğŸ¤”
Les industriels peuvent compter sur Vuforia Chalk de @PTC pour que les opÃ©rateurs de maintenance soient guidÃ©s en #RA Ã  distance.
ğŸ‘‰Testez gratuitement @Vuforia :  https://t.co/L9npAEedRb https://t.co/GStQwqFvnB";2021-08-03 12:24:00+00:00;338;2;0.0059171597633136;0;0;0;0;0;0;2;0;0;0;0;0;0;0;0;-;-;-;-;-;-;-;-;-;-;-;-;-;-;-;-;-;-
0;1443591663641718795;https://twitter.com/groupe_onx/status/1443591663641718795;ProtÃ©gez vos terminaux et systÃ¨mes d'information des menaces avancÃ©es grÃ¢ce Ã  notre offre #MDR en #servicemanagÃ© qui allie l'#EDR d'#Harfanglab et l'#XDR de #SEKOIA.IO. ğŸ‘‰https://t.co/YDc3H8vyug https://t.co/8qRKhDArGF;2021-09-30 15:00:00+00:00;210;4;0.019047619047619;0;0;2;0;1;0;0;0;0;0;0;0;0;27;1;-;-;-;-;-;-;-;-;-;-;-;-;-;-;-;-;-;-
1;1442860363888963585;https://twitter.com/groupe_onx/status/1442860363888963585;"DÃ©couvrez dans notre #livreblanc, rÃ©alisÃ© avec notre partenaire PTC, quelles sont les Â« 6 Ã©tapes pour rÃ©ussir votre projet #AR Â» et ainsi, accÃ©lÃ©rer votre ROI ! https://t.co/pdcOJjwisM
#rÃ©alitÃ©augmentÃ©e #expÃ©rienceAR #opÃ©rateuraugmentÃ© #industrie40 #usinedufutur #PTC https://t.co/hh279IB5u8";2021-09-28 14:34:00+00:00;231;2;0.0086580086580086;0;0;1;1;0;0;0;0;0;0;0;0;0;0;0;-;-;-;-;-;-;-;-;-;-;-;-;-;-;-;-;-;-
2;1441072332131418116;https://twitter.com/groupe_onx/status/1441072332131418116;"ğŸ“¢ ON-X Groupe recrute ! Rendez-vous sur notre page Welcome to the Jungle pour dÃ©couvrir tous nos postes Ã  pourvoir dans les domaines de la #cybersÃ©curitÃ©, du #cloud, des #infras ou encore des #territoiresnumÃ©riques.
ğŸ‘‰https://t.co/kY6LFJtQLA https://t.co/fggsvV4OsE";2021-09-23 16:09:00+00:00;201;5;0.0248756218905472;0;0;0;0;2;0;1;0;0;0;0;0;0;2;2;-;-;-;-;-;-;-;-;-;-;-;-;-;-;-;-;-;-
3;1438822376448344072;https://twitter.com/groupe_onx/status/1438822376448344072;ProtÃ©gez vos terminaux et systÃ¨mes d'information des menaces avancÃ©es grÃ¢ce Ã  notre offre #MDR en #servicemanagÃ© qui allie l'#EDR d'#Harfanglab et l'#XDR de #SEKOIA.IO. ğŸ‘‰https://t.co/Ri8HqkMVLN https://t.co/p1plasLNEI;2021-09-17 11:09:00+00:00;244;0;0.0;0;0;0;0;0;0;0;0;0;0;0;0;0;32;0;-;-;-;-;-;-;-;-;-;-;-;-;-;-;-;-;-;-
4;1437805110453805066;https://twitter.com/groupe_onx/status/1437805110453805066;"Retrouvez le 2eme numÃ©ro de notre #newsletter ğ“&amp;ğğ®ğ¦ qui reprend toute l'actualitÃ© des #TerritoiresNumÃ©riques, dÃ©cryptÃ©e par nos experts. ğŸ¡ğŸ¥ğŸ¨
Retrouvez tous les articles en vous abonnant :
ğŸ‘‰ https://t.co/g37kSK5CSg https://t.co/AGIZ4jmOei";2021-09-14 15:47:00+00:00;208;5;0.0240384615384615;0;0;1;1;1;0;2;0;0;0;0;0;0;24;0;-;-;-;-;-;-;-;-;-;-;-;-;-;-;-;-;-;-
5;1435529529423011843;https://twitter.com/groupe_onx/status/1435529529423011843;"Jour 2 au #FIC2021 ! Notre Ã©quipe de #DrÃ´lesDeDames vous attend sur le stand F30, juste Ã  cÃ´tÃ© de l'espace #EuropeanCyberCup ! ğŸ´â€â˜ ï¸ N'hÃ©sitez pas vous y arrÃªter pour dÃ©couvrir nos offres #cybersÃ©curitÃ© et Ã©changer sur vos projets.
#EDR #XDR #pentest #GRC #SecOps #CERT #RSSI #DPO https://t.co/TKhW5Rt2ql";2021-09-08 09:04:00+00:00;454;14;0.0308370044052863;0;0;2;0;0;0;0;0;0;0;0;0;0;12;12;-;-;-;-;-;-;-;-;-;-;-;-;-;-;-;-;-;-
6;1435189889683886082;https://twitter.com/groupe_onx/status/1435189889683886082;"[#FIC2021] ğŸ“¢ Ne ratez pas l'intervention d'Olivier Revenu, Responsable du ğ—–ğ—˜ğ—¥ğ—§ ğ—¢ğ—¡-ğ—« ğ—šğ—¿ğ—¼ğ˜‚ğ—½ğ—², lors de la table ronde #CORIIN Ã  14h45.

ğŸ’¬ ThÃ©matique : DÃ©tournements et fuites de donnÃ©es

#IndustrialSecurity #DataLeak #Cybersecurite https://t.co/5jsOAV3uUt";2021-09-07 10:35:00+00:00;523;9;0.017208413001912;0;0;0;1;0;2;3;0;0;0;0;0;0;3;3;-;-;-;-;-;-;-;-;-;-;-;-;-;-;-;-;-;-
7;1435169082354061314;https://twitter.com/groupe_onx/status/1435169082354061314;"[#FIC2021] Quel plaisir de retrouver sur notre stand nos amis et partenaires de @sekoia_fr  et @harfanglab Ã  l'occasion du lancement de notre offre MDR ğŸ‘‰ https://t.co/Ri8HqkMVLN ğŸ›¡
Rendez-vous sur notre stand F30 pour dÃ©couvrir notre solution en service managÃ© !
#cybersecurite https://t.co/oII6eNn0vY";2021-09-07 09:12:00+00:00;279;23;0.082437275985663;0;0;5;3;1;0;0;0;0;0;0;0;0;14;14;-;-;-;-;-;-;-;-;-;-;-;-;-;-;-;-;-;-
8;1435154778766598145;https://twitter.com/groupe_onx/status/1435154778766598145;"J-1 : DÃ©marrage du #FIC2021. ğŸ¥³
Nos Ã©quipes sont impatientes de vous retrouver sur le stand F30, avec notre nouvelle mascotte ! N'hÃ©sitez pas Ã  venir Ã©changer avec nos experts #cyber autour d'un cafÃ©, et repartez avec nos goodies.
#cybersecurite #MDR #EDR #XDR #pentest #GRC https://t.co/D6AtW4j2v7";2021-09-07 08:15:00+00:00;519;38;0.0732177263969171;3;0;1;3;0;1;2;0;0;0;0;0;0;28;28;-;-;-;-;-;-;-;-;-;-;-;-;-;-;-;-;-;-
0;1454027598837784577;https://twitter.com/groupe_onx/status/1454027598837784577;"Chez ON-X Groupe, ğŸ§™â€â™€ï¸ğŸ§¹, ğŸ‘» et autres crÃ©atures #Halloween ne nous font pas peur â—
GrÃ¢ce au CSE, nous sommes parÃ©s pour les repousser ğŸƒğŸ”ªğŸ©¸
Vous aussi participez Ã  nos nombreux ateliers, rejoignez-nous ğŸ‘‰ https://t.co/czw0DUOJG5

Joyeux Halloween Ã  tous #BonheurAuTravail #QVT https://t.co/WV7tacuMmt";2021-10-29 10:09:00+00:00;117;7;0.0598290598290598;0;0;1;0;0;0;1;0;0;0;0;0;0;5;5;-;-;-;-;-;-;-;-;-;-;-;-;-;-;-;-;-;-
1;1451526586143023111;https://twitter.com/groupe_onx/status/1451526586143023111;ğŸ‡«ğŸ‡· Le SÃ©nateur CÃ©dric Perrin @cperrin90 est venu Ã©changer avec nos Ã©quipes autour d'innovation technologiqueğŸ’¡ : #cybersÃ©curitÃ©, #cloud, #blockchain, #rÃ©alitÃ©augmentÃ©e... Un grand Merci Ã  lui pour sa visite ! ğŸ™ https://t.co/vBBvpzE8p9 https://t.co/5p6hk8FkC2;2021-10-22 12:31:00+00:00;209;27;0.1291866028708134;1;0;4;2;2;0;3;0;0;0;0;0;0;15;15;-;-;-;-;-;-;-;-;-;-;-;-;-;-;-;-;-;-
2;1451140920842375168;https://twitter.com/groupe_onx/status/1451140920842375168;J-15 avant le #ForumCybersÃ©curitÃ©. RDV le 4 novembre prochain sur notre stand pour rencontrer nos Ã©quipes et Ã©changer sur vos projets professionnels. S'inscrire ğŸ‘‰ https://t.co/feEeqrXzMt  #recrutement #sÃ©curitÃ©numÃ©rique #cybersÃ©curitÃ© https://t.co/985B4FBclw;2021-10-21 10:58:00+00:00;153;3;0.0196078431372549;1;0;1;0;0;0;1;0;0;0;0;0;0;0;0;-;-;-;-;-;-;-;-;-;-;-;-;-;-;-;-;-;-
3;1450385731931852800;https://twitter.com/groupe_onx/status/1450385731931852800;"ğŸ›¡ Comme chaque annÃ©e, le mois dâ€™octobre rime avec #Cybermois. A cette occasion, nos Ã©quipes en #CybersÃ©curitÃ© vous lancent le dÃ©fi de passer notre #CyberQuiz avec succÃ¨s. ğŸ‘‘ 
ğŸ•¹ PrÃªt Ã  relever le dÃ©fi ?! ğŸ‘‰ https://t.co/uNisiweGNI https://t.co/O4CUb97Bqv";2021-10-19 08:58:00+00:00;151;4;0.0264900662251655;1;0;0;0;2;0;0;0;0;0;0;0;0;1;1;-;-;-;-;-;-;-;-;-;-;-;-;-;-;-;-;-;-
4;1448663408505614346;https://twitter.com/groupe_onx/status/1448663408505614346;"Pour le #Cybermois, nos experts vous dÃ©fient de rÃ©ussir notre #CyberQuiz. 

Quel grade en #cybersÃ©curitÃ© parviendrez-vous Ã  atteindre ? #noobie #padawan #avenger #king

ğŸ•¹PrÃªt Ã  prouver votre valeur ? 3,2,1â€¦. Partez ! ğŸ‘‰  https://t.co/VIePp5B2Zb https://t.co/lxxZj8oiTK";2021-10-14 14:54:00+00:00;180;11;0.0611111111111111;0;0;1;0;4;0;1;0;0;0;0;0;0;27;5;-;-;-;-;-;-;-;-;-;-;-;-;-;-;-;-;-;-
5;1447857385012350981;https://twitter.com/groupe_onx/status/1447857385012350981;"Chaque mois, nos experts #RGPD dÃ©cryptent lâ€™actualitÃ© liÃ©e Ã  la #ViePrivÃ©e et Ã  la protection des #DonnÃ©esPersonnelles dans notre newsletter Â« Conseil #DPO Â». Visage avec monocleğŸ—
Retrouvez en vidÃ©o les sujets abordÃ©s ce mois-ci ! ğŸ
https://t.co/YLXakD0rJB";2021-10-12 09:31:00+00:00;138;4;0.0289855072463768;0;0;0;0;1;0;2;0;0;0;0;0;0;1;1;-;-;-;-;-;-;-;-;-;-;-;-;-;-;-;-;-;-
6;1446061825951469570;https://twitter.com/groupe_onx/status/1446061825951469570;ğŸ“¢Dans le cadre de notre dÃ©veloppement, nous recherchons de nouveaux talents en #cybersÃ©curitÃ© pour accompagner nos clients en rÃ©gion parisienne, lyonnaise ou toulousaine. Retrouvez toutes nos #offresemploi en CDI (H/F) : https://t.co/kY6LFJtQLA https://t.co/RnRlMXQcEv;2021-10-07 10:36:00+00:00;175;6;0.0342857142857142;0;0;4;0;2;0;0;0;0;0;0;0;0;0;0;-;-;-;-;-;-;-;-;-;-;-;-;-;-;-;-;-;-
7;1445327892133593090;https://twitter.com/groupe_onx/status/1445327892133593090;"Vous pensez Ãªtre un pro de la #cybersÃ©curitÃ© ? ğŸ›¡
A lâ€™occasion du #Cybermois, ON-X Groupe vous propose de passer notre #CyberQuiz pour tester vos connaissances en matiÃ¨re de #SÃ©curitÃ©NumÃ©rique ! 
ğŸ® ğ—©ğ—²ğ—»ğ—²ğ˜‡ ğ—·ğ—¼ğ˜‚ğ—²ğ—¿ et partagez-nous votre score ! ğŸ‘‰ https://t.co/jRc8XaGreP https://t.co/EgffLRwm1b";2021-10-05 09:59:00+00:00;460;24;0.0521739130434782;3;0;5;5;4;0;4;0;0;0;0;0;0;55;3;-;-;-;-;-;-;-;-;-;-;-;-;-;-;-;-;-;-
0;1458039116080291843;https://twitter.com/groupe_onx/status/1458039116080291843;"Chaque mois, nos experts #RGPD dÃ©cryptent lâ€™actualitÃ© liÃ©e Ã  la #ViePrivÃ©e et Ã  la protection des #DonnÃ©esPersonnelles dans notre newsletter Â« Conseil #DPO Â». Visage avec monocleğŸ—
Retrouvez en vidÃ©o les sujets abordÃ©s ce mois-ci ! ğŸ
https://t.co/vvPeilkRM0";2021-11-09 11:49:00+00:00;152;3;0.0197368421052631;0;0;0;1;0;0;2;0;0;0;0;0;0;0;0;-;-;-;-;-;-;-;-;-;-;-;-;-;-;-;-;-;-
1;1456306015629099020;https://twitter.com/groupe_onx/status/1456306015629099020;"Le forum #CybersÃ©curitÃ© de @Cyberjobsfr ferme ses portes ğŸ˜¢
Merci aux candidats d'avoir Ã©tÃ© si nombreux Ã  venir nous rencontrer ğŸ¤
RDV sur notre page @wttj_fr pour dÃ©couvrir l'intÃ©gralitÃ© de nos offres d'#emploi ğŸ‘‰ https://t.co/93tYm648DP
#Recrutement https://t.co/tp0oeWNJ7o";2021-11-04 17:03:00+00:00;254;5;0.0196850393700787;0;0;1;1;0;0;1;0;0;0;0;0;0;2;2;-;-;-;-;-;-;-;-;-;-;-;-;-;-;-;-;-;-
2;1456277267944968201;https://twitter.com/groupe_onx/status/1456277267944968201;"Nos Ã©quipes en #SÃ©curitÃ©NumÃ©rique vous attendent dÃ¨s maintenant en direct du Forum CybersÃ©curitÃ© @Cyberjobsfr ! 
Venez les rencontrer sur le stand nÂ°09 pour Ã©changer sur vos projets professionnels dans le domaine de la #cybersÃ©curitÃ© !ğŸ›¡
#ForumCybersÃ©curitÃ© #Consultant #CERT #GRC";2021-11-04 15:08:00+00:00;152;6;0.0394736842105263;1;0;0;0;0;1;4;0;0;0;0;0;0;0;0;-;-;-;-;-;-;-;-;-;-;-;-;-;-;-;-;-;-
3;1455850994538012676;https://twitter.com/groupe_onx/status/1455850994538012676;"Des services cloud qualifiÃ©s #SecNumCloud par l'@ANSSI_FR ? Mais pour quelles raisons ? â¡ï¸DÃ©couvrez le tÃ©moignage de @orevenu, Directeur associÃ© d'ON-X Groupe. 
#CyberSecurity #Cloud #numerique 
â¬‡ï¸â¬‡ï¸â¬‡ï¸ https://t.co/R5hVYRvu4Z";2021-11-03 10:55:00+00:00;1001;6;0.0059940059940059;1;0;3;0;0;0;2;0;0;0;0;0;0;0;0;-;-;-;-;-;-;-;-;-;-;-;-;-;-;-;-;-;-
