"","Date","Tweets.published","impressions","engagements","taux.d‚..engagement","Retweets","r√.ponses","J.aime","clics.sur.le.profil.de.l.utilisateur","clics.sur.l.URL","clics.sur.le.hashtag","ouvertures.des.d√.tails","clics.sur.le.permalien","ouvertures.d.application","installations.de.l.application","abonnements.","envoyer.le.Tweet.par.email","composer.le.num√.ro","vues.du.m√.dia","engagements.avec.le.m√.dia","impressions.sponsoris√.","engagements.sponsoris√.","taux.d‚..engagement.sponsoris√.","Retweets.sponsoris√.","r√.ponses.sponsoris√.","J.aime.sponsoris√.","clics.sur.le.profil.de.l.utilisateur.sponsoris√.","clics.sur.l.URL.sponsoris√.","clics.sur.le.hashtag.sponsoris√.","ouvertures.des.d√.tails.sponsoris√.","clics.sur.le.permalien.sponsoris√.","ouvertures.d.application.sponsoris√.","installations.de.l.application.sponsoris√.","abonnements..sponsoris√.","envoyer.le.Tweet.par.email.sponsoris√.","composer.le.num√.ro.sponsoris√.","vues.du.m√.dia.sponsoris√.","engagements.avec.le.m√.dia.sponsoris√."
"1","2020-10-01",0,59,0,0,0,0,0,0,0,0,0,0,0,0,0,0,0,0,0,"-","-","-","-","-","-","-","-","-","-","-","-","-","-","-","-","-","-"
"2","2020-10-02",1,192,3,0.015625,0,0,1,0,0,0,1,0,0,0,0,0,0,1,1,"-","-","-","-","-","-","-","-","-","-","-","-","-","-","-","-","-","-"
"3","2020-10-03",0,62,0,0,0,0,0,0,0,0,0,0,0,0,0,0,0,0,0,"-","-","-","-","-","-","-","-","-","-","-","-","-","-","-","-","-","-"
"4","2020-10-04",0,9,0,0,0,0,0,0,0,0,0,0,0,0,0,0,0,0,0,"-","-","-","-","-","-","-","-","-","-","-","-","-","-","-","-","-","-"
"5","2020-10-05",0,35,0,0,0,0,0,0,0,0,0,0,0,0,0,0,0,0,0,"-","-","-","-","-","-","-","-","-","-","-","-","-","-","-","-","-","-"
"6","2020-10-06",0,96,2,0.0208333333333333,0,0,2,0,0,0,0,0,0,0,0,0,0,0,0,"-","-","-","-","-","-","-","-","-","-","-","-","-","-","-","-","-","-"
"7","2020-10-07",0,70,0,0,0,0,0,0,0,0,0,0,0,0,0,0,0,0,0,"-","-","-","-","-","-","-","-","-","-","-","-","-","-","-","-","-","-"
"8","2020-10-08",1,92,7,0.0760869565217391,0,0,0,0,0,0,5,0,0,0,0,0,0,6,2,"-","-","-","-","-","-","-","-","-","-","-","-","-","-","-","-","-","-"
"9","2020-10-09",0,54,0,0,0,0,0,0,0,0,0,0,0,0,0,0,0,1,0,"-","-","-","-","-","-","-","-","-","-","-","-","-","-","-","-","-","-"
"10","2020-10-10",0,28,0,0,0,0,0,0,0,0,0,0,0,0,0,0,0,1,0,"-","-","-","-","-","-","-","-","-","-","-","-","-","-","-","-","-","-"
"11","2020-10-11",0,11,0,0,0,0,0,0,0,0,0,0,0,0,0,0,0,0,0,"-","-","-","-","-","-","-","-","-","-","-","-","-","-","-","-","-","-"
"12","2020-10-12",0,17,0,0,0,0,0,0,0,0,0,0,0,0,0,0,0,0,0,"-","-","-","-","-","-","-","-","-","-","-","-","-","-","-","-","-","-"
"13","2020-10-13",1,77,0,0,0,0,0,0,0,0,0,0,0,0,0,0,0,2,0,"-","-","-","-","-","-","-","-","-","-","-","-","-","-","-","-","-","-"
"14","2020-10-14",0,38,0,0,0,0,0,0,0,0,0,0,0,0,0,0,0,1,0,"-","-","-","-","-","-","-","-","-","-","-","-","-","-","-","-","-","-"
"15","2020-10-15",1,251,10,0.0398406374501992,0,0,1,1,0,0,4,0,0,0,0,0,0,4,4,"-","-","-","-","-","-","-","-","-","-","-","-","-","-","-","-","-","-"
"16","2020-10-16",0,101,0,0,0,0,0,0,0,0,0,0,0,0,0,0,0,0,0,"-","-","-","-","-","-","-","-","-","-","-","-","-","-","-","-","-","-"
"17","2020-10-17",0,196,1,0.00510204081632653,0,0,0,0,0,0,1,0,0,0,0,0,0,0,0,"-","-","-","-","-","-","-","-","-","-","-","-","-","-","-","-","-","-"
"18","2020-10-18",0,110,3,0.0272727272727273,0,0,0,0,1,0,0,0,0,0,0,0,0,1,2,"-","-","-","-","-","-","-","-","-","-","-","-","-","-","-","-","-","-"
"19","2020-10-19",0,355,3,0.00845070422535211,0,0,0,0,0,0,0,0,0,0,0,0,0,5,3,"-","-","-","-","-","-","-","-","-","-","-","-","-","-","-","-","-","-"
"20","2020-10-20",1,208,5,0.0240384615384615,0,0,1,0,0,0,1,0,0,0,0,0,0,3,3,"-","-","-","-","-","-","-","-","-","-","-","-","-","-","-","-","-","-"
"21","2020-10-21",1,205,8,0.0390243902439024,0,0,0,0,0,0,6,0,0,0,0,0,0,2,2,"-","-","-","-","-","-","-","-","-","-","-","-","-","-","-","-","-","-"
"22","2020-10-22",0,121,11,0.0909090909090909,0,0,8,1,1,0,1,0,0,0,0,0,0,2,0,"-","-","-","-","-","-","-","-","-","-","-","-","-","-","-","-","-","-"
"23","2020-10-23",0,58,4,0.0689655172413793,0,0,0,1,1,0,0,0,0,0,0,0,0,3,2,"-","-","-","-","-","-","-","-","-","-","-","-","-","-","-","-","-","-"
"24","2020-10-24",0,30,0,0,0,0,0,0,0,0,0,0,0,0,0,0,0,1,0,"-","-","-","-","-","-","-","-","-","-","-","-","-","-","-","-","-","-"
"25","2020-10-25",0,31,0,0,0,0,0,0,0,0,0,0,0,0,0,0,0,0,0,"-","-","-","-","-","-","-","-","-","-","-","-","-","-","-","-","-","-"
"26","2020-10-26",0,40,0,0,0,0,0,0,0,0,0,0,0,0,0,0,0,4,0,"-","-","-","-","-","-","-","-","-","-","-","-","-","-","-","-","-","-"
"27","2020-10-27",1,97,1,0.0103092783505155,0,0,0,1,0,0,0,0,0,0,0,0,0,0,0,"-","-","-","-","-","-","-","-","-","-","-","-","-","-","-","-","-","-"
"28","2020-10-28",0,49,0,0,0,0,0,0,0,0,0,0,0,0,0,0,0,0,0,"-","-","-","-","-","-","-","-","-","-","-","-","-","-","-","-","-","-"
"29","2020-10-29",0,237,4,0.0168776371308017,0,0,0,0,0,0,2,0,0,0,0,0,0,2,2,"-","-","-","-","-","-","-","-","-","-","-","-","-","-","-","-","-","-"
"30","2020-10-30",0,33,3,0.0909090909090909,0,0,0,0,0,0,2,0,0,0,0,0,0,1,1,"-","-","-","-","-","-","-","-","-","-","-","-","-","-","-","-","-","-"
"31","2020-10-31",0,54,2,0.037037037037037,0,0,0,0,0,0,1,0,0,0,0,0,0,1,1,"-","-","-","-","-","-","-","-","-","-","-","-","-","-","-","-","-","-"
"32","2020-11-01",0,203,1,0.00492610837438424,0,0,0,0,0,0,0,0,0,0,0,0,0,1,1,"-","-","-","-","-","-","-","-","-","-","-","-","-","-","-","-","-","-"
"33","2020-11-02",0,151,0,0,0,0,0,0,0,0,0,0,0,0,0,0,0,0,0,"-","-","-","-","-","-","-","-","-","-","-","-","-","-","-","-","-","-"
"34","2020-11-03",1,148,5,0.0337837837837838,0,0,1,0,2,0,0,0,0,0,0,0,0,2,2,"-","-","-","-","-","-","-","-","-","-","-","-","-","-","-","-","-","-"
"35","2020-11-04",0,115,4,0.0347826086956522,1,0,1,0,0,0,1,0,0,0,0,0,0,1,1,"-","-","-","-","-","-","-","-","-","-","-","-","-","-","-","-","-","-"
"36","2020-11-05",1,241,7,0.029045643153527,0,0,0,0,0,0,0,0,0,0,0,0,0,7,7,"-","-","-","-","-","-","-","-","-","-","-","-","-","-","-","-","-","-"
"37","2020-11-06",0,68,2,0.0294117647058824,0,0,0,0,0,0,1,0,0,0,0,0,0,1,1,"-","-","-","-","-","-","-","-","-","-","-","-","-","-","-","-","-","-"
"38","2020-11-07",0,33,2,0.0606060606060606,0,0,0,0,0,0,0,0,0,0,0,0,0,2,2,"-","-","-","-","-","-","-","-","-","-","-","-","-","-","-","-","-","-"
"39","2020-11-08",0,57,1,0.0175438596491228,0,0,0,0,0,0,0,0,0,0,0,0,0,1,1,"-","-","-","-","-","-","-","-","-","-","-","-","-","-","-","-","-","-"
"40","2020-11-09",0,63,3,0.0476190476190476,0,0,0,0,0,0,2,0,0,0,0,0,0,1,1,"-","-","-","-","-","-","-","-","-","-","-","-","-","-","-","-","-","-"
"41","2020-11-10",1,575,0,0,0,0,0,0,0,0,0,0,0,0,0,0,0,0,0,"-","-","-","-","-","-","-","-","-","-","-","-","-","-","-","-","-","-"
"42","2020-11-11",0,136,0,0,0,0,0,0,0,0,0,0,0,0,0,0,0,0,0,"-","-","-","-","-","-","-","-","-","-","-","-","-","-","-","-","-","-"
"43","2020-11-12",1,222,3,0.0135135135135135,1,0,1,0,0,0,1,0,0,0,0,0,0,0,0,"-","-","-","-","-","-","-","-","-","-","-","-","-","-","-","-","-","-"
"44","2020-11-13",0,194,0,0,0,0,0,0,0,0,0,0,0,0,0,0,0,0,0,"-","-","-","-","-","-","-","-","-","-","-","-","-","-","-","-","-","-"
"45","2020-11-14",0,89,0,0,0,0,0,0,0,0,0,0,0,0,0,0,0,0,0,"-","-","-","-","-","-","-","-","-","-","-","-","-","-","-","-","-","-"
"46","2020-11-15",0,64,1,0.015625,0,0,0,0,0,0,0,0,0,0,0,0,0,1,1,"-","-","-","-","-","-","-","-","-","-","-","-","-","-","-","-","-","-"
"47","2020-11-16",0,89,2,0.0224719101123595,0,0,0,0,0,0,1,0,0,0,0,0,0,1,1,"-","-","-","-","-","-","-","-","-","-","-","-","-","-","-","-","-","-"
"48","2020-11-17",0,120,2,0.0166666666666667,0,0,0,0,0,0,0,0,0,0,0,0,0,2,2,"-","-","-","-","-","-","-","-","-","-","-","-","-","-","-","-","-","-"
"49","2020-11-18",0,65,5,0.0769230769230769,0,0,0,0,0,0,0,0,0,0,0,0,0,5,5,"-","-","-","-","-","-","-","-","-","-","-","-","-","-","-","-","-","-"
"50","2020-11-19",1,311,24,0.0771704180064309,3,0,1,0,3,1,10,0,0,0,0,0,0,6,6,"-","-","-","-","-","-","-","-","-","-","-","-","-","-","-","-","-","-"
"51","2020-11-20",0,93,3,0.032258064516129,0,0,0,0,2,0,0,0,0,0,0,0,0,1,1,"-","-","-","-","-","-","-","-","-","-","-","-","-","-","-","-","-","-"
"52","2020-11-21",0,123,8,0.0650406504065041,0,0,1,0,0,0,2,0,0,0,0,0,0,5,5,"-","-","-","-","-","-","-","-","-","-","-","-","-","-","-","-","-","-"
"53","2020-11-22",0,94,0,0,0,0,0,0,0,0,0,0,0,0,0,0,0,1,0,"-","-","-","-","-","-","-","-","-","-","-","-","-","-","-","-","-","-"
"54","2020-11-23",0,64,5,0.078125,0,0,1,0,0,0,1,0,0,0,0,0,0,5,3,"-","-","-","-","-","-","-","-","-","-","-","-","-","-","-","-","-","-"
"55","2020-11-24",1,428,20,0.0467289719626168,0,0,0,0,2,0,11,0,0,0,0,0,0,18,7,"-","-","-","-","-","-","-","-","-","-","-","-","-","-","-","-","-","-"
"56","2020-11-25",1,374,9,0.0240641711229947,2,0,2,0,0,0,5,0,0,0,0,0,0,4,0,"-","-","-","-","-","-","-","-","-","-","-","-","-","-","-","-","-","-"
"57","2020-11-26",0,333,2,0.00600600600600601,0,0,0,0,0,0,0,0,0,0,0,0,0,2,2,"-","-","-","-","-","-","-","-","-","-","-","-","-","-","-","-","-","-"
"58","2020-11-27",0,227,15,0.066079295154185,0,0,0,0,0,0,4,0,0,0,0,0,0,11,11,"-","-","-","-","-","-","-","-","-","-","-","-","-","-","-","-","-","-"
"59","2020-11-28",0,280,0,0,0,0,0,0,0,0,0,0,0,0,0,0,0,4,0,"-","-","-","-","-","-","-","-","-","-","-","-","-","-","-","-","-","-"
"60","2020-11-29",0,141,1,0.00709219858156028,0,0,0,0,0,1,0,0,0,0,0,0,0,0,0,"-","-","-","-","-","-","-","-","-","-","-","-","-","-","-","-","-","-"
"61","2020-11-30",0,281,2,0.00711743772241993,0,0,0,0,0,0,0,0,0,0,0,0,0,2,2,"-","-","-","-","-","-","-","-","-","-","-","-","-","-","-","-","-","-"
"62","2020-12-01",0,61,0,0,0,0,0,0,0,0,0,0,0,0,0,0,0,2,0,"-","-","-","-","-","-","-","-","-","-","-","-","-","-","-","-","-","-"
"63","2020-12-02",0,18,6,0.333333333333333,0,0,0,0,0,0,2,0,0,0,0,0,0,5,4,"-","-","-","-","-","-","-","-","-","-","-","-","-","-","-","-","-","-"
"64","2020-12-03",0,106,0,0,0,0,0,0,0,0,0,0,0,0,0,0,0,0,0,"-","-","-","-","-","-","-","-","-","-","-","-","-","-","-","-","-","-"
"65","2020-12-04",0,108,0,0,0,0,0,0,0,0,0,0,0,0,0,0,0,0,0,"-","-","-","-","-","-","-","-","-","-","-","-","-","-","-","-","-","-"
"66","2020-12-05",0,161,1,0.0062111801242236,0,0,0,0,0,0,0,0,0,0,0,0,0,9,1,"-","-","-","-","-","-","-","-","-","-","-","-","-","-","-","-","-","-"
"67","2020-12-06",0,10,0,0,0,0,0,0,0,0,0,0,0,0,0,0,0,0,0,"-","-","-","-","-","-","-","-","-","-","-","-","-","-","-","-","-","-"
"68","2020-12-07",0,70,0,0,0,0,0,0,0,0,0,0,0,0,0,0,0,0,0,"-","-","-","-","-","-","-","-","-","-","-","-","-","-","-","-","-","-"
"69","2020-12-08",1,320,14,0.04375,1,0,2,0,0,0,8,0,0,0,0,0,0,4,3,"-","-","-","-","-","-","-","-","-","-","-","-","-","-","-","-","-","-"
"70","2020-12-09",3,645,35,0.0542635658914729,4,0,4,1,0,1,15,0,0,0,0,0,0,10,10,"-","-","-","-","-","-","-","-","-","-","-","-","-","-","-","-","-","-"
"71","2020-12-10",3,573,25,0.043630017452007,2,1,6,2,0,0,11,0,0,0,0,0,0,3,3,"-","-","-","-","-","-","-","-","-","-","-","-","-","-","-","-","-","-"
"72","2020-12-11",0,117,4,0.0341880341880342,0,0,0,1,0,0,3,0,0,0,0,0,0,0,0,"-","-","-","-","-","-","-","-","-","-","-","-","-","-","-","-","-","-"
"73","2020-12-12",0,37,0,0,0,0,0,0,0,0,0,0,0,0,0,0,0,0,0,"-","-","-","-","-","-","-","-","-","-","-","-","-","-","-","-","-","-"
"74","2020-12-13",0,76,0,0,0,0,0,0,0,0,0,0,0,0,0,0,0,1,0,"-","-","-","-","-","-","-","-","-","-","-","-","-","-","-","-","-","-"
"75","2020-12-14",0,27,6,0.222222222222222,0,0,0,0,0,0,2,0,0,0,0,0,0,4,4,"-","-","-","-","-","-","-","-","-","-","-","-","-","-","-","-","-","-"
"76","2020-12-15",0,225,7,0.0311111111111111,0,0,0,1,0,0,2,0,0,0,0,0,0,4,4,"-","-","-","-","-","-","-","-","-","-","-","-","-","-","-","-","-","-"
"77","2020-12-16",0,109,0,0,0,0,0,0,0,0,0,0,0,0,0,0,0,0,0,"-","-","-","-","-","-","-","-","-","-","-","-","-","-","-","-","-","-"
"78","2020-12-17",1,275,5,0.0181818181818182,0,0,0,1,0,0,2,0,0,0,0,0,0,24,2,"-","-","-","-","-","-","-","-","-","-","-","-","-","-","-","-","-","-"
"79","2020-12-18",0,111,3,0.027027027027027,0,0,0,0,0,0,1,0,0,0,0,0,0,8,2,"-","-","-","-","-","-","-","-","-","-","-","-","-","-","-","-","-","-"
"80","2020-12-19",0,94,2,0.0212765957446809,0,0,0,0,0,0,0,0,0,0,0,0,0,3,2,"-","-","-","-","-","-","-","-","-","-","-","-","-","-","-","-","-","-"
"81","2020-12-20",0,110,0,0,0,0,0,0,0,0,0,0,0,0,0,0,0,1,0,"-","-","-","-","-","-","-","-","-","-","-","-","-","-","-","-","-","-"
"82","2020-12-21",0,130,3,0.0230769230769231,0,0,0,1,0,0,0,0,0,0,0,0,0,3,2,"-","-","-","-","-","-","-","-","-","-","-","-","-","-","-","-","-","-"
"83","2020-12-22",1,189,5,0.0264550264550265,0,0,0,2,0,0,2,0,0,0,0,0,0,11,1,"-","-","-","-","-","-","-","-","-","-","-","-","-","-","-","-","-","-"
"84","2020-12-23",0,33,0,0,0,0,0,0,0,0,0,0,0,0,0,0,0,0,0,"-","-","-","-","-","-","-","-","-","-","-","-","-","-","-","-","-","-"
"85","2020-12-24",0,49,0,0,0,0,0,0,0,0,0,0,0,0,0,0,0,0,0,"-","-","-","-","-","-","-","-","-","-","-","-","-","-","-","-","-","-"
"86","2020-12-25",0,43,0,0,0,0,0,0,0,0,0,0,0,0,0,0,0,0,0,"-","-","-","-","-","-","-","-","-","-","-","-","-","-","-","-","-","-"
"87","2020-12-26",0,104,0,0,0,0,0,0,0,0,0,0,0,0,0,0,0,0,0,"-","-","-","-","-","-","-","-","-","-","-","-","-","-","-","-","-","-"
"88","2020-12-27",0,27,0,0,0,0,0,0,0,0,0,0,0,0,0,0,0,0,0,"-","-","-","-","-","-","-","-","-","-","-","-","-","-","-","-","-","-"
"89","2020-12-28",0,14,0,0,0,0,0,0,0,0,0,0,0,0,0,0,0,0,0,"-","-","-","-","-","-","-","-","-","-","-","-","-","-","-","-","-","-"
"90","2020-12-29",0,43,0,0,0,0,0,0,0,0,0,0,0,0,0,0,0,0,0,"-","-","-","-","-","-","-","-","-","-","-","-","-","-","-","-","-","-"
"91","2020-12-30",0,83,1,0.0120481927710843,0,0,0,0,0,0,0,0,0,0,0,0,0,0,1,"-","-","-","-","-","-","-","-","-","-","-","-","-","-","-","-","-","-"
"92","2020-12-31",0,37,0,0,0,0,0,0,0,0,0,0,0,0,0,0,0,0,0,"-","-","-","-","-","-","-","-","-","-","-","-","-","-","-","-","-","-"
"93","2021-01-01",0,16,0,0,0,0,0,0,0,0,0,0,0,0,0,0,0,0,0,"-","-","-","-","-","-","-","-","-","-","-","-","-","-","-","-","-","-"
"94","2021-01-02",0,24,0,0,0,0,0,0,0,0,0,0,0,0,0,0,0,0,0,"-","-","-","-","-","-","-","-","-","-","-","-","-","-","-","-","-","-"
"95","2021-01-03",0,9,0,0,0,0,0,0,0,0,0,0,0,0,0,0,0,0,0,"-","-","-","-","-","-","-","-","-","-","-","-","-","-","-","-","-","-"
"96","2021-01-04",0,43,7,0.162790697674419,0,0,0,1,0,0,2,0,0,0,0,0,0,7,4,"-","-","-","-","-","-","-","-","-","-","-","-","-","-","-","-","-","-"
"97","2021-01-05",1,184,6,0.0326086956521739,3,0,1,0,0,0,2,0,0,0,0,0,0,17,0,"-","-","-","-","-","-","-","-","-","-","-","-","-","-","-","-","-","-"
"98","2021-01-06",0,261,3,0.0114942528735632,0,0,0,0,0,0,0,0,0,0,0,0,0,6,3,"-","-","-","-","-","-","-","-","-","-","-","-","-","-","-","-","-","-"
"99","2021-01-07",1,342,5,0.0146198830409357,0,0,0,1,1,0,2,0,0,0,0,0,0,5,1,"-","-","-","-","-","-","-","-","-","-","-","-","-","-","-","-","-","-"
"100","2021-01-08",0,88,5,0.0568181818181818,0,0,0,2,0,0,1,0,0,0,0,0,0,3,2,"-","-","-","-","-","-","-","-","-","-","-","-","-","-","-","-","-","-"
"101","2021-01-09",0,93,1,0.010752688172043,0,0,0,0,1,0,0,0,0,0,0,0,0,0,0,"-","-","-","-","-","-","-","-","-","-","-","-","-","-","-","-","-","-"
"102","2021-01-10",0,67,0,0,0,0,0,0,0,0,0,0,0,0,0,0,0,1,0,"-","-","-","-","-","-","-","-","-","-","-","-","-","-","-","-","-","-"
"103","2021-01-11",0,176,0,0,0,0,0,0,0,0,0,0,0,0,0,0,0,0,0,"-","-","-","-","-","-","-","-","-","-","-","-","-","-","-","-","-","-"
"104","2021-01-12",0,65,0,0,0,0,0,0,0,0,0,0,0,0,0,0,0,0,0,"-","-","-","-","-","-","-","-","-","-","-","-","-","-","-","-","-","-"
"105","2021-01-13",1,196,10,0.0510204081632653,2,0,1,2,0,0,3,0,0,0,0,0,0,24,2,"-","-","-","-","-","-","-","-","-","-","-","-","-","-","-","-","-","-"
"106","2021-01-14",1,134,5,0.0373134328358209,0,0,2,0,0,0,3,0,0,0,0,0,0,2,0,"-","-","-","-","-","-","-","-","-","-","-","-","-","-","-","-","-","-"
"107","2021-01-15",0,139,7,0.0503597122302158,2,0,2,0,0,0,1,0,0,0,0,0,0,5,2,"-","-","-","-","-","-","-","-","-","-","-","-","-","-","-","-","-","-"
"108","2021-01-16",0,29,2,0.0689655172413793,0,0,0,0,0,0,2,0,0,0,0,0,0,0,0,"-","-","-","-","-","-","-","-","-","-","-","-","-","-","-","-","-","-"
"109","2021-01-17",0,42,0,0,0,0,0,0,0,0,0,0,0,0,0,0,0,0,0,"-","-","-","-","-","-","-","-","-","-","-","-","-","-","-","-","-","-"
"110","2021-01-18",0,82,0,0,0,0,0,0,0,0,0,0,0,0,0,0,0,0,0,"-","-","-","-","-","-","-","-","-","-","-","-","-","-","-","-","-","-"
"111","2021-01-19",1,159,4,0.0251572327044025,0,0,0,0,0,0,2,0,0,0,0,0,0,8,2,"-","-","-","-","-","-","-","-","-","-","-","-","-","-","-","-","-","-"
"112","2021-01-20",0,19,0,0,0,0,0,0,0,0,0,0,0,0,0,0,0,1,0,"-","-","-","-","-","-","-","-","-","-","-","-","-","-","-","-","-","-"
"113","2021-01-21",0,47,2,0.0425531914893617,0,0,0,0,0,0,0,0,0,0,0,0,0,2,2,"-","-","-","-","-","-","-","-","-","-","-","-","-","-","-","-","-","-"
"114","2021-01-22",0,14,1,0.0714285714285714,0,0,0,0,0,0,0,0,0,0,0,0,0,1,1,"-","-","-","-","-","-","-","-","-","-","-","-","-","-","-","-","-","-"
"115","2021-01-23",0,5,0,0,0,0,0,0,0,0,0,0,0,0,0,0,0,0,0,"-","-","-","-","-","-","-","-","-","-","-","-","-","-","-","-","-","-"
"116","2021-01-24",0,31,0,0,0,0,0,0,0,0,0,0,0,0,0,0,0,0,0,"-","-","-","-","-","-","-","-","-","-","-","-","-","-","-","-","-","-"
"117","2021-01-25",0,33,0,0,0,0,0,0,0,0,0,0,0,0,0,0,0,1,0,"-","-","-","-","-","-","-","-","-","-","-","-","-","-","-","-","-","-"
"118","2021-01-26",1,172,1,0.00581395348837209,0,0,0,0,0,0,1,0,0,0,0,0,0,4,0,"-","-","-","-","-","-","-","-","-","-","-","-","-","-","-","-","-","-"
"119","2021-01-27",0,48,2,0.0416666666666667,0,0,0,0,0,0,0,0,0,0,0,0,0,2,2,"-","-","-","-","-","-","-","-","-","-","-","-","-","-","-","-","-","-"
"120","2021-01-28",0,26,0,0,0,0,0,0,0,0,0,0,0,0,0,0,0,0,0,"-","-","-","-","-","-","-","-","-","-","-","-","-","-","-","-","-","-"
"121","2021-01-29",0,23,1,0.0434782608695652,0,0,0,1,0,0,0,0,0,0,0,0,0,2,0,"-","-","-","-","-","-","-","-","-","-","-","-","-","-","-","-","-","-"
"122","2021-01-30",0,52,0,0,0,0,0,0,0,0,0,0,0,0,0,0,0,0,0,"-","-","-","-","-","-","-","-","-","-","-","-","-","-","-","-","-","-"
"123","2021-01-31",0,118,0,0,0,0,0,0,0,0,0,0,0,0,0,0,0,0,0,"-","-","-","-","-","-","-","-","-","-","-","-","-","-","-","-","-","-"
"124","2021-02-01",0,293,1,0.00341296928327645,0,0,0,0,0,0,0,0,0,0,0,0,0,1,1,"-","-","-","-","-","-","-","-","-","-","-","-","-","-","-","-","-","-"
"125","2021-02-02",1,232,4,0.0172413793103448,0,0,2,0,0,0,2,0,0,0,0,0,0,0,0,"-","-","-","-","-","-","-","-","-","-","-","-","-","-","-","-","-","-"
"126","2021-02-03",0,47,4,0.0851063829787234,0,0,0,0,0,0,0,0,0,0,0,0,0,5,4,"-","-","-","-","-","-","-","-","-","-","-","-","-","-","-","-","-","-"
"127","2021-02-04",1,527,5,0.0094876660341556,1,0,1,0,0,0,2,0,0,0,0,0,0,2,1,"-","-","-","-","-","-","-","-","-","-","-","-","-","-","-","-","-","-"
"128","2021-02-05",0,101,7,0.0693069306930693,0,0,3,0,0,0,1,0,0,0,0,0,0,3,3,"-","-","-","-","-","-","-","-","-","-","-","-","-","-","-","-","-","-"
"129","2021-02-06",0,76,0,0,0,0,0,0,0,0,0,0,0,0,0,0,0,0,0,"-","-","-","-","-","-","-","-","-","-","-","-","-","-","-","-","-","-"
"130","2021-02-07",0,99,0,0,0,0,0,0,0,0,0,0,0,0,0,0,0,0,0,"-","-","-","-","-","-","-","-","-","-","-","-","-","-","-","-","-","-"
"131","2021-02-08",0,231,2,0.00865800865800866,0,0,0,2,0,0,0,0,0,0,0,0,0,0,0,"-","-","-","-","-","-","-","-","-","-","-","-","-","-","-","-","-","-"
"132","2021-02-09",1,693,2,0.00288600288600289,1,0,0,0,0,0,1,0,0,0,0,0,0,17,0,"-","-","-","-","-","-","-","-","-","-","-","-","-","-","-","-","-","-"
"133","2021-02-10",0,205,6,0.0292682926829268,0,0,0,0,0,0,2,0,0,0,0,0,0,12,4,"-","-","-","-","-","-","-","-","-","-","-","-","-","-","-","-","-","-"
"134","2021-02-11",1,558,7,0.0125448028673835,0,0,1,0,0,0,3,0,0,0,0,0,0,12,3,"-","-","-","-","-","-","-","-","-","-","-","-","-","-","-","-","-","-"
"135","2021-02-12",0,115,1,0.00869565217391304,0,0,0,0,0,0,0,0,0,0,0,0,0,3,1,"-","-","-","-","-","-","-","-","-","-","-","-","-","-","-","-","-","-"
"136","2021-02-13",0,670,0,0,0,0,0,0,0,0,0,0,0,0,0,0,0,0,0,"-","-","-","-","-","-","-","-","-","-","-","-","-","-","-","-","-","-"
"137","2021-02-14",0,299,0,0,0,0,0,0,0,0,0,0,0,0,0,0,0,1,0,"-","-","-","-","-","-","-","-","-","-","-","-","-","-","-","-","-","-"
"138","2021-02-15",0,315,5,0.0158730158730159,0,0,0,0,0,0,1,0,0,0,0,0,0,4,4,"-","-","-","-","-","-","-","-","-","-","-","-","-","-","-","-","-","-"
"139","2021-02-16",1,335,3,0.00895522388059702,0,0,0,0,0,0,0,0,0,0,0,0,0,11,3,"-","-","-","-","-","-","-","-","-","-","-","-","-","-","-","-","-","-"
"140","2021-02-17",0,461,0,0,0,0,0,0,0,0,0,0,0,0,0,0,0,2,0,"-","-","-","-","-","-","-","-","-","-","-","-","-","-","-","-","-","-"
"141","2021-02-18",1,145,4,0.0275862068965517,0,0,1,0,0,2,0,0,0,0,0,0,0,6,1,"-","-","-","-","-","-","-","-","-","-","-","-","-","-","-","-","-","-"
"142","2021-02-19",0,49,0,0,0,0,0,0,0,0,0,0,0,0,0,0,0,1,0,"-","-","-","-","-","-","-","-","-","-","-","-","-","-","-","-","-","-"
"143","2021-02-20",0,531,0,0,0,0,0,0,0,0,0,0,0,0,0,0,0,0,0,"-","-","-","-","-","-","-","-","-","-","-","-","-","-","-","-","-","-"
"144","2021-02-21",0,87,0,0,0,0,0,0,0,0,0,0,0,0,0,0,0,0,0,"-","-","-","-","-","-","-","-","-","-","-","-","-","-","-","-","-","-"
"145","2021-02-22",0,784,0,0,0,0,0,0,0,0,0,0,0,0,0,0,0,2,0,"-","-","-","-","-","-","-","-","-","-","-","-","-","-","-","-","-","-"
"146","2021-02-23",1,758,14,0.0184696569920844,3,0,2,0,1,0,8,0,0,0,0,0,0,12,0,"-","-","-","-","-","-","-","-","-","-","-","-","-","-","-","-","-","-"
"147","2021-02-24",0,82,0,0,0,0,0,0,0,0,0,0,0,0,0,0,0,0,0,"-","-","-","-","-","-","-","-","-","-","-","-","-","-","-","-","-","-"
"148","2021-02-25",0,80,2,0.025,0,0,0,0,0,0,2,0,0,0,0,0,0,0,0,"-","-","-","-","-","-","-","-","-","-","-","-","-","-","-","-","-","-"
"149","2021-02-26",1,176,5,0.0284090909090909,0,0,0,0,0,0,1,0,0,0,0,0,0,4,4,"-","-","-","-","-","-","-","-","-","-","-","-","-","-","-","-","-","-"
"150","2021-02-27",0,148,0,0,0,0,0,0,0,0,0,0,0,0,0,0,0,5,0,"-","-","-","-","-","-","-","-","-","-","-","-","-","-","-","-","-","-"
"151","2021-02-28",0,93,0,0,0,0,0,0,0,0,0,0,0,0,0,0,0,0,0,"-","-","-","-","-","-","-","-","-","-","-","-","-","-","-","-","-","-"
"152","2021-03-01",0,378,0,0,0,0,0,0,0,0,0,0,0,0,0,0,0,0,0,"-","-","-","-","-","-","-","-","-","-","-","-","-","-","-","-","-","-"
"153","2021-03-02",1,506,6,0.0118577075098814,0,0,1,0,0,0,5,0,0,0,0,0,0,0,0,"-","-","-","-","-","-","-","-","-","-","-","-","-","-","-","-","-","-"
"154","2021-03-03",0,145,1,0.00689655172413793,0,0,0,0,0,0,0,0,0,0,0,0,0,1,1,"-","-","-","-","-","-","-","-","-","-","-","-","-","-","-","-","-","-"
"155","2021-03-04",1,454,7,0.0154185022026432,0,0,0,0,0,0,3,0,0,0,0,0,0,11,4,"-","-","-","-","-","-","-","-","-","-","-","-","-","-","-","-","-","-"
"156","2021-03-05",0,51,0,0,0,0,0,0,0,0,0,0,0,0,0,0,0,0,0,"-","-","-","-","-","-","-","-","-","-","-","-","-","-","-","-","-","-"
"157","2021-03-06",0,100,0,0,0,0,0,0,0,0,0,0,0,0,0,0,0,0,0,"-","-","-","-","-","-","-","-","-","-","-","-","-","-","-","-","-","-"
"158","2021-03-07",0,497,0,0,0,0,0,0,0,0,0,0,0,0,0,0,0,0,0,"-","-","-","-","-","-","-","-","-","-","-","-","-","-","-","-","-","-"
"159","2021-03-08",0,932,0,0,0,0,0,0,0,0,0,0,0,0,0,0,0,0,0,"-","-","-","-","-","-","-","-","-","-","-","-","-","-","-","-","-","-"
"160","2021-03-09",1,559,0,0,0,0,0,0,0,0,0,0,0,0,0,0,0,3,0,"-","-","-","-","-","-","-","-","-","-","-","-","-","-","-","-","-","-"
"161","2021-03-10",0,501,4,0.00798403193612774,0,0,0,1,0,0,1,0,0,0,0,0,0,3,2,"-","-","-","-","-","-","-","-","-","-","-","-","-","-","-","-","-","-"
"162","2021-03-11",1,241,7,0.029045643153527,0,0,1,1,0,0,3,0,0,0,0,0,0,8,2,"-","-","-","-","-","-","-","-","-","-","-","-","-","-","-","-","-","-"
"163","2021-03-12",0,462,2,0.00432900432900433,0,0,0,1,0,0,0,0,0,0,0,0,0,1,1,"-","-","-","-","-","-","-","-","-","-","-","-","-","-","-","-","-","-"
"164","2021-03-13",0,487,1,0.00205338809034908,0,0,1,0,0,0,0,0,0,0,0,0,0,0,0,"-","-","-","-","-","-","-","-","-","-","-","-","-","-","-","-","-","-"
"165","2021-03-14",0,437,0,0,0,0,0,0,0,0,0,0,0,0,0,0,0,0,0,"-","-","-","-","-","-","-","-","-","-","-","-","-","-","-","-","-","-"
"166","2021-03-15",0,78,0,0,0,0,0,0,0,0,0,0,0,0,0,0,0,0,0,"-","-","-","-","-","-","-","-","-","-","-","-","-","-","-","-","-","-"
"167","2021-03-16",1,144,4,0.0277777777777778,0,0,0,0,0,0,1,0,0,0,0,0,0,3,3,"-","-","-","-","-","-","-","-","-","-","-","-","-","-","-","-","-","-"
"168","2021-03-17",0,133,0,0,0,0,0,0,0,0,0,0,0,0,0,0,0,0,0,"-","-","-","-","-","-","-","-","-","-","-","-","-","-","-","-","-","-"
"169","2021-03-18",1,479,10,0.0208768267223382,1,0,2,0,0,0,4,0,0,0,0,0,0,3,3,"-","-","-","-","-","-","-","-","-","-","-","-","-","-","-","-","-","-"
"170","2021-03-19",0,317,12,0.0378548895899054,0,0,1,2,0,0,4,0,0,0,0,0,0,6,5,"-","-","-","-","-","-","-","-","-","-","-","-","-","-","-","-","-","-"
"171","2021-03-20",0,276,0,0,0,0,0,0,0,0,0,0,0,0,0,0,0,0,0,"-","-","-","-","-","-","-","-","-","-","-","-","-","-","-","-","-","-"
"172","2021-03-21",0,363,5,0.0137741046831956,0,0,0,1,0,1,1,0,0,0,0,0,0,3,2,"-","-","-","-","-","-","-","-","-","-","-","-","-","-","-","-","-","-"
"173","2021-03-22",0,80,3,0.0375,0,0,0,0,0,0,0,0,0,0,0,0,0,3,3,"-","-","-","-","-","-","-","-","-","-","-","-","-","-","-","-","-","-"
"174","2021-03-23",1,847,17,0.0200708382526564,3,0,3,1,3,0,6,0,0,0,0,0,0,4,1,"-","-","-","-","-","-","-","-","-","-","-","-","-","-","-","-","-","-"
"175","2021-03-24",1,920,8,0.00869565217391304,1,0,0,0,1,0,2,0,0,0,0,0,0,5,4,"-","-","-","-","-","-","-","-","-","-","-","-","-","-","-","-","-","-"
"176","2021-03-25",1,748,5,0.00668449197860963,0,0,0,1,0,0,3,0,0,0,0,0,0,1,1,"-","-","-","-","-","-","-","-","-","-","-","-","-","-","-","-","-","-"
"177","2021-03-26",0,498,10,0.0200803212851406,0,0,0,2,0,0,1,0,0,0,0,0,0,6,7,"-","-","-","-","-","-","-","-","-","-","-","-","-","-","-","-","-","-"
"178","2021-03-27",0,63,1,0.0158730158730159,0,0,0,1,0,0,0,0,0,0,0,0,0,0,0,"-","-","-","-","-","-","-","-","-","-","-","-","-","-","-","-","-","-"
"179","2021-03-28",0,390,0,0,0,0,0,0,0,0,0,0,0,0,0,0,0,0,0,"-","-","-","-","-","-","-","-","-","-","-","-","-","-","-","-","-","-"
"180","2021-03-29",0,331,2,0.00604229607250755,0,0,0,0,0,0,0,0,0,0,0,0,0,2,2,"-","-","-","-","-","-","-","-","-","-","-","-","-","-","-","-","-","-"
"181","2021-03-30",1,904,2,0.00221238938053097,0,0,2,0,0,0,0,0,0,0,0,0,0,3,0,"-","-","-","-","-","-","-","-","-","-","-","-","-","-","-","-","-","-"
"182","2021-03-31",0,387,4,0.0103359173126615,0,0,0,0,0,0,2,0,0,0,0,0,0,2,2,"-","-","-","-","-","-","-","-","-","-","-","-","-","-","-","-","-","-"
"183","2021-04-01",1,544,15,0.0275735294117647,0,0,0,1,0,0,4,0,0,0,0,0,0,14,10,"-","-","-","-","-","-","-","-","-","-","-","-","-","-","-","-","-","-"
"184","2021-04-02",0,502,4,0.00796812749003984,0,0,0,2,0,0,1,0,0,0,0,0,0,2,1,"-","-","-","-","-","-","-","-","-","-","-","-","-","-","-","-","-","-"
"185","2021-04-03",0,639,0,0,0,0,0,0,0,0,0,0,0,0,0,0,0,0,0,"-","-","-","-","-","-","-","-","-","-","-","-","-","-","-","-","-","-"
"186","2021-04-04",0,610,1,0.00163934426229508,0,0,0,1,0,0,0,0,0,0,0,0,0,0,0,"-","-","-","-","-","-","-","-","-","-","-","-","-","-","-","-","-","-"
"187","2021-04-05",0,729,0,0,0,0,0,0,0,0,0,0,0,0,0,0,0,0,0,"-","-","-","-","-","-","-","-","-","-","-","-","-","-","-","-","-","-"
"188","2021-04-06",1,630,5,0.00793650793650794,0,0,1,0,1,0,3,0,0,0,0,0,0,0,0,"-","-","-","-","-","-","-","-","-","-","-","-","-","-","-","-","-","-"
"189","2021-04-07",0,72,1,0.0138888888888889,0,0,0,0,1,0,0,0,0,0,0,0,0,2,0,"-","-","-","-","-","-","-","-","-","-","-","-","-","-","-","-","-","-"
"190","2021-04-08",1,289,15,0.0519031141868512,1,0,6,1,4,0,1,0,0,0,0,0,0,8,2,"-","-","-","-","-","-","-","-","-","-","-","-","-","-","-","-","-","-"
"191","2021-04-09",0,129,6,0.0465116279069767,1,0,2,0,0,0,3,0,0,0,0,0,0,0,0,"-","-","-","-","-","-","-","-","-","-","-","-","-","-","-","-","-","-"
"192","2021-04-10",0,186,0,0,0,0,0,0,0,0,0,0,0,0,0,0,0,0,0,"-","-","-","-","-","-","-","-","-","-","-","-","-","-","-","-","-","-"
"193","2021-04-11",0,497,0,0,0,0,0,0,0,0,0,0,0,0,0,0,0,0,0,"-","-","-","-","-","-","-","-","-","-","-","-","-","-","-","-","-","-"
"194","2021-04-12",0,352,4,0.0113636363636364,2,0,1,0,1,0,0,0,0,0,0,0,0,0,0,"-","-","-","-","-","-","-","-","-","-","-","-","-","-","-","-","-","-"
"195","2021-04-13",1,181,2,0.0110497237569061,0,0,0,0,0,0,0,0,0,0,0,0,0,3,2,"-","-","-","-","-","-","-","-","-","-","-","-","-","-","-","-","-","-"
"196","2021-04-14",0,150,0,0,0,0,0,0,0,0,0,0,0,0,0,0,0,0,0,"-","-","-","-","-","-","-","-","-","-","-","-","-","-","-","-","-","-"
"197","2021-04-15",0,78,0,0,0,0,0,0,0,0,0,0,0,0,0,0,0,0,0,"-","-","-","-","-","-","-","-","-","-","-","-","-","-","-","-","-","-"
"198","2021-04-16",0,92,0,0,0,0,0,0,0,0,0,0,0,0,0,0,0,0,0,"-","-","-","-","-","-","-","-","-","-","-","-","-","-","-","-","-","-"
"199","2021-04-17",0,93,0,0,0,0,0,0,0,0,0,0,0,0,0,0,0,0,0,"-","-","-","-","-","-","-","-","-","-","-","-","-","-","-","-","-","-"
"200","2021-04-18",0,82,0,0,0,0,0,0,0,0,0,0,0,0,0,0,0,0,0,"-","-","-","-","-","-","-","-","-","-","-","-","-","-","-","-","-","-"
"201","2021-04-19",0,114,2,0.0175438596491228,0,0,0,0,1,0,1,0,0,0,0,0,0,0,0,"-","-","-","-","-","-","-","-","-","-","-","-","-","-","-","-","-","-"
"202","2021-04-20",0,109,0,0,0,0,0,0,0,0,0,0,0,0,0,0,0,1,0,"-","-","-","-","-","-","-","-","-","-","-","-","-","-","-","-","-","-"
"203","2021-04-21",0,235,0,0,0,0,0,0,0,0,0,0,0,0,0,0,0,0,0,"-","-","-","-","-","-","-","-","-","-","-","-","-","-","-","-","-","-"
"204","2021-04-22",1,123,2,0.016260162601626,0,0,0,0,0,0,2,0,0,0,0,0,0,0,0,"-","-","-","-","-","-","-","-","-","-","-","-","-","-","-","-","-","-"
"205","2021-04-23",0,55,0,0,0,0,0,0,0,0,0,0,0,0,0,0,0,0,0,"-","-","-","-","-","-","-","-","-","-","-","-","-","-","-","-","-","-"
"206","2021-04-24",0,12,0,0,0,0,0,0,0,0,0,0,0,0,0,0,0,0,0,"-","-","-","-","-","-","-","-","-","-","-","-","-","-","-","-","-","-"
"207","2021-04-25",0,45,0,0,0,0,0,0,0,0,0,0,0,0,0,0,0,0,0,"-","-","-","-","-","-","-","-","-","-","-","-","-","-","-","-","-","-"
"208","2021-04-26",0,41,0,0,0,0,0,0,0,0,0,0,0,0,0,0,0,0,0,"-","-","-","-","-","-","-","-","-","-","-","-","-","-","-","-","-","-"
"209","2021-04-27",0,222,1,0.0045045045045045,0,0,0,0,0,0,0,0,0,0,0,0,0,1,1,"-","-","-","-","-","-","-","-","-","-","-","-","-","-","-","-","-","-"
"210","2021-04-28",0,53,0,0,0,0,0,0,0,0,0,0,0,0,0,0,0,0,0,"-","-","-","-","-","-","-","-","-","-","-","-","-","-","-","-","-","-"
"211","2021-04-29",1,277,0,0,0,0,0,0,0,0,0,0,0,0,0,0,0,0,0,"-","-","-","-","-","-","-","-","-","-","-","-","-","-","-","-","-","-"
"212","2021-04-30",0,37,0,0,0,0,0,0,0,0,0,0,0,0,0,0,0,0,0,"-","-","-","-","-","-","-","-","-","-","-","-","-","-","-","-","-","-"
"213","2021-05-01",0,397,0,0,0,0,0,0,0,0,0,0,0,0,0,0,0,0,0,"-","-","-","-","-","-","-","-","-","-","-","-","-","-","-","-","-","-"
"214","2021-05-02",0,47,0,0,0,0,0,0,0,0,0,0,0,0,0,0,0,0,0,"-","-","-","-","-","-","-","-","-","-","-","-","-","-","-","-","-","-"
"215","2021-05-03",0,70,0,0,0,0,0,0,0,0,0,0,0,0,0,0,0,0,0,"-","-","-","-","-","-","-","-","-","-","-","-","-","-","-","-","-","-"
"216","2021-05-04",1,79,4,0.0506329113924051,0,0,0,0,1,0,3,0,0,0,0,0,0,0,0,"-","-","-","-","-","-","-","-","-","-","-","-","-","-","-","-","-","-"
"217","2021-05-05",0,117,2,0.0170940170940171,0,0,1,0,0,0,0,0,0,0,0,0,0,1,1,"-","-","-","-","-","-","-","-","-","-","-","-","-","-","-","-","-","-"
"218","2021-05-06",0,102,0,0,0,0,0,0,0,0,0,0,0,0,0,0,0,0,0,"-","-","-","-","-","-","-","-","-","-","-","-","-","-","-","-","-","-"
"219","2021-05-07",1,384,7,0.0182291666666667,1,0,3,1,0,0,1,0,0,0,0,0,0,1,1,"-","-","-","-","-","-","-","-","-","-","-","-","-","-","-","-","-","-"
"220","2021-05-08",0,149,0,0,0,0,0,0,0,0,0,0,0,0,0,0,0,0,0,"-","-","-","-","-","-","-","-","-","-","-","-","-","-","-","-","-","-"
"221","2021-05-09",0,116,0,0,0,0,0,0,0,0,0,0,0,0,0,0,0,0,0,"-","-","-","-","-","-","-","-","-","-","-","-","-","-","-","-","-","-"
"222","2021-05-10",1,189,2,0.0105820105820106,0,0,0,0,0,0,1,0,0,0,0,0,0,3,1,"-","-","-","-","-","-","-","-","-","-","-","-","-","-","-","-","-","-"
"223","2021-05-11",0,122,3,0.0245901639344262,1,0,1,0,0,0,1,0,0,0,0,0,0,0,0,"-","-","-","-","-","-","-","-","-","-","-","-","-","-","-","-","-","-"
"224","2021-05-12",0,110,0,0,0,0,0,0,0,0,0,0,0,0,0,0,0,0,0,"-","-","-","-","-","-","-","-","-","-","-","-","-","-","-","-","-","-"
"225","2021-05-13",0,127,1,0.0078740157480315,0,0,0,1,0,0,0,0,0,0,0,0,0,0,0,"-","-","-","-","-","-","-","-","-","-","-","-","-","-","-","-","-","-"
"226","2021-05-14",0,150,0,0,0,0,0,0,0,0,0,0,0,0,0,0,0,0,0,"-","-","-","-","-","-","-","-","-","-","-","-","-","-","-","-","-","-"
"227","2021-05-15",0,71,0,0,0,0,0,0,0,0,0,0,0,0,0,0,0,0,0,"-","-","-","-","-","-","-","-","-","-","-","-","-","-","-","-","-","-"
"228","2021-05-16",0,414,0,0,0,0,0,0,0,0,0,0,0,0,0,0,0,0,0,"-","-","-","-","-","-","-","-","-","-","-","-","-","-","-","-","-","-"
"229","2021-05-17",0,46,0,0,0,0,0,0,0,0,0,0,0,0,0,0,0,0,0,"-","-","-","-","-","-","-","-","-","-","-","-","-","-","-","-","-","-"
"230","2021-05-18",1,269,9,0.033457249070632,0,0,1,0,1,1,6,0,0,0,0,0,0,0,0,"-","-","-","-","-","-","-","-","-","-","-","-","-","-","-","-","-","-"
"231","2021-05-19",0,100,0,0,0,0,0,0,0,0,0,0,0,0,0,0,0,0,0,"-","-","-","-","-","-","-","-","-","-","-","-","-","-","-","-","-","-"
"232","2021-05-20",0,487,3,0.00616016427104723,0,0,1,0,2,0,0,0,0,0,0,0,0,0,0,"-","-","-","-","-","-","-","-","-","-","-","-","-","-","-","-","-","-"
"233","2021-05-21",1,146,2,0.0136986301369863,0,0,1,0,0,0,1,0,0,0,0,0,0,0,0,"-","-","-","-","-","-","-","-","-","-","-","-","-","-","-","-","-","-"
"234","2021-05-22",0,176,1,0.00568181818181818,0,0,1,0,0,0,0,0,0,0,0,0,0,0,0,"-","-","-","-","-","-","-","-","-","-","-","-","-","-","-","-","-","-"
"235","2021-05-23",0,133,0,0,0,0,0,0,0,0,0,0,0,0,0,0,0,0,0,"-","-","-","-","-","-","-","-","-","-","-","-","-","-","-","-","-","-"
"236","2021-05-24",0,464,0,0,0,0,0,0,0,0,0,0,0,0,0,0,0,0,0,"-","-","-","-","-","-","-","-","-","-","-","-","-","-","-","-","-","-"
"237","2021-05-25",0,397,0,0,0,0,0,0,0,0,0,0,0,0,0,0,0,0,0,"-","-","-","-","-","-","-","-","-","-","-","-","-","-","-","-","-","-"
"238","2021-05-26",0,481,0,0,0,0,0,0,0,0,0,0,0,0,0,0,0,0,0,"-","-","-","-","-","-","-","-","-","-","-","-","-","-","-","-","-","-"
"239","2021-05-27",1,595,6,0.0100840336134454,1,0,0,0,0,0,5,0,0,0,0,0,0,0,0,"-","-","-","-","-","-","-","-","-","-","-","-","-","-","-","-","-","-"
"240","2021-05-28",0,444,0,0,0,0,0,0,0,0,0,0,0,0,0,0,0,0,0,"-","-","-","-","-","-","-","-","-","-","-","-","-","-","-","-","-","-"
"241","2021-05-29",0,58,0,0,0,0,0,0,0,0,0,0,0,0,0,0,0,0,0,"-","-","-","-","-","-","-","-","-","-","-","-","-","-","-","-","-","-"
"242","2021-05-30",0,46,0,0,0,0,0,0,0,0,0,0,0,0,0,0,0,0,0,"-","-","-","-","-","-","-","-","-","-","-","-","-","-","-","-","-","-"
"243","2021-05-31",0,51,0,0,0,0,0,0,0,0,0,0,0,0,0,0,0,0,0,"-","-","-","-","-","-","-","-","-","-","-","-","-","-","-","-","-","-"
"244","2021-06-01",0,89,0,0,0,0,0,0,0,0,0,0,0,0,0,0,0,0,0,"-","-","-","-","-","-","-","-","-","-","-","-","-","-","-","-","-","-"
"245","2021-06-02",2,432,7,0.0162037037037037,4,0,1,0,2,0,0,0,0,0,0,0,0,1,0,"-","-","-","-","-","-","-","-","-","-","-","-","-","-","-","-","-","-"
"246","2021-06-03",0,96,0,0,0,0,0,0,0,0,0,0,0,0,0,0,0,0,0,"-","-","-","-","-","-","-","-","-","-","-","-","-","-","-","-","-","-"
"247","2021-06-04",0,90,0,0,0,0,0,0,0,0,0,0,0,0,0,0,0,0,0,"-","-","-","-","-","-","-","-","-","-","-","-","-","-","-","-","-","-"
"248","2021-06-05",0,68,0,0,0,0,0,0,0,0,0,0,0,0,0,0,0,0,0,"-","-","-","-","-","-","-","-","-","-","-","-","-","-","-","-","-","-"
"249","2021-06-06",0,89,0,0,0,0,0,0,0,0,0,0,0,0,0,0,0,0,0,"-","-","-","-","-","-","-","-","-","-","-","-","-","-","-","-","-","-"
"250","2021-06-07",0,196,0,0,0,0,0,0,0,0,0,0,0,0,0,0,0,0,0,"-","-","-","-","-","-","-","-","-","-","-","-","-","-","-","-","-","-"
"251","2021-06-08",1,155,7,0.0451612903225806,0,0,0,0,0,1,4,0,0,0,0,0,0,2,2,"-","-","-","-","-","-","-","-","-","-","-","-","-","-","-","-","-","-"
"252","2021-06-09",1,230,8,0.0347826086956522,1,0,1,0,3,0,3,0,0,0,0,0,0,0,0,"-","-","-","-","-","-","-","-","-","-","-","-","-","-","-","-","-","-"
"253","2021-06-10",0,141,3,0.0212765957446809,0,0,0,0,0,0,1,0,0,0,0,0,0,2,2,"-","-","-","-","-","-","-","-","-","-","-","-","-","-","-","-","-","-"
"254","2021-06-11",0,140,1,0.00714285714285714,0,0,0,0,0,0,1,0,0,0,0,0,0,0,0,"-","-","-","-","-","-","-","-","-","-","-","-","-","-","-","-","-","-"
"255","2021-06-12",0,98,0,0,0,0,0,0,0,0,0,0,0,0,0,0,0,0,0,"-","-","-","-","-","-","-","-","-","-","-","-","-","-","-","-","-","-"
"256","2021-06-13",0,57,0,0,0,0,0,0,0,0,0,0,0,0,0,0,0,0,0,"-","-","-","-","-","-","-","-","-","-","-","-","-","-","-","-","-","-"
"257","2021-06-14",0,36,1,0.0277777777777778,0,0,0,0,0,1,0,0,0,0,0,0,0,0,0,"-","-","-","-","-","-","-","-","-","-","-","-","-","-","-","-","-","-"
"258","2021-06-15",1,208,2,0.00961538461538462,0,0,0,0,1,0,0,0,0,0,0,0,0,1,1,"-","-","-","-","-","-","-","-","-","-","-","-","-","-","-","-","-","-"
"259","2021-06-16",0,145,1,0.00689655172413793,0,0,1,0,0,0,0,0,0,0,0,0,0,0,0,"-","-","-","-","-","-","-","-","-","-","-","-","-","-","-","-","-","-"
"260","2021-06-17",1,173,1,0.00578034682080925,0,0,0,0,0,0,1,0,0,0,0,0,0,0,0,"-","-","-","-","-","-","-","-","-","-","-","-","-","-","-","-","-","-"
"261","2021-06-18",0,203,0,0,0,0,0,0,0,0,0,0,0,0,0,0,0,0,0,"-","-","-","-","-","-","-","-","-","-","-","-","-","-","-","-","-","-"
"262","2021-06-19",0,87,2,0.0229885057471264,0,0,0,0,2,0,0,0,0,0,0,0,0,0,0,"-","-","-","-","-","-","-","-","-","-","-","-","-","-","-","-","-","-"
"263","2021-06-20",0,24,0,0,0,0,0,0,0,0,0,0,0,0,0,0,0,3,0,"-","-","-","-","-","-","-","-","-","-","-","-","-","-","-","-","-","-"
"264","2021-06-21",1,161,7,0.0434782608695652,0,0,0,0,1,0,5,0,0,0,0,0,0,9,1,"-","-","-","-","-","-","-","-","-","-","-","-","-","-","-","-","-","-"
"265","2021-06-22",0,201,0,0,0,0,0,0,0,0,0,0,0,0,0,0,0,1,0,"-","-","-","-","-","-","-","-","-","-","-","-","-","-","-","-","-","-"
"266","2021-06-23",0,254,2,0.0078740157480315,0,0,0,0,0,0,0,0,0,0,0,0,0,3,2,"-","-","-","-","-","-","-","-","-","-","-","-","-","-","-","-","-","-"
"267","2021-06-24",1,240,4,0.0166666666666667,2,0,0,0,1,0,1,0,0,0,0,0,0,13,0,"-","-","-","-","-","-","-","-","-","-","-","-","-","-","-","-","-","-"
"268","2021-06-25",0,199,0,0,0,0,0,0,0,0,0,0,0,0,0,0,0,7,0,"-","-","-","-","-","-","-","-","-","-","-","-","-","-","-","-","-","-"
"269","2021-06-26",0,139,1,0.00719424460431655,0,0,1,0,0,0,0,0,0,0,0,0,0,1,0,"-","-","-","-","-","-","-","-","-","-","-","-","-","-","-","-","-","-"
"270","2021-06-27",0,79,0,0,0,0,0,0,0,0,0,0,0,0,0,0,0,1,0,"-","-","-","-","-","-","-","-","-","-","-","-","-","-","-","-","-","-"
"271","2021-06-28",0,145,0,0,0,0,0,0,0,0,0,0,0,0,0,0,0,1,0,"-","-","-","-","-","-","-","-","-","-","-","-","-","-","-","-","-","-"
"272","2021-06-29",0,142,0,0,0,0,0,0,0,0,0,0,0,0,0,0,0,2,0,"-","-","-","-","-","-","-","-","-","-","-","-","-","-","-","-","-","-"
"273","2021-06-30",0,63,0,0,0,0,0,0,0,0,0,0,0,0,0,0,0,0,0,"-","-","-","-","-","-","-","-","-","-","-","-","-","-","-","-","-","-"
"274","2021-07-01",1,63,4,0.0634920634920635,0,0,0,0,2,0,0,0,0,0,0,0,0,4,2,"-","-","-","-","-","-","-","-","-","-","-","-","-","-","-","-","-","-"
"275","2021-07-02",0,157,0,0,0,0,0,0,0,0,0,0,0,0,0,0,0,0,0,"-","-","-","-","-","-","-","-","-","-","-","-","-","-","-","-","-","-"
"276","2021-07-03",0,110,0,0,0,0,0,0,0,0,0,0,0,0,0,0,0,0,0,"-","-","-","-","-","-","-","-","-","-","-","-","-","-","-","-","-","-"
"277","2021-07-04",0,98,0,0,0,0,0,0,0,0,0,0,0,0,0,0,0,0,0,"-","-","-","-","-","-","-","-","-","-","-","-","-","-","-","-","-","-"
"278","2021-07-05",0,125,0,0,0,0,0,0,0,0,0,0,0,0,0,0,0,0,0,"-","-","-","-","-","-","-","-","-","-","-","-","-","-","-","-","-","-"
"279","2021-07-06",1,306,2,0.0065359477124183,0,0,2,0,0,0,0,0,0,0,0,0,0,1,0,"-","-","-","-","-","-","-","-","-","-","-","-","-","-","-","-","-","-"
"280","2021-07-07",0,797,4,0.00501882057716437,0,0,2,0,0,0,2,0,0,0,0,0,0,0,0,"-","-","-","-","-","-","-","-","-","-","-","-","-","-","-","-","-","-"
"281","2021-07-08",1,450,5,0.0111111111111111,1,0,1,0,0,0,3,0,0,0,0,0,0,0,0,"-","-","-","-","-","-","-","-","-","-","-","-","-","-","-","-","-","-"
"282","2021-07-09",0,285,1,0.00350877192982456,0,0,0,0,0,0,0,0,0,0,0,0,0,3,1,"-","-","-","-","-","-","-","-","-","-","-","-","-","-","-","-","-","-"
"283","2021-07-10",0,145,0,0,0,0,0,0,0,0,0,0,0,0,0,0,0,0,0,"-","-","-","-","-","-","-","-","-","-","-","-","-","-","-","-","-","-"
"284","2021-07-11",0,14,0,0,0,0,0,0,0,0,0,0,0,0,0,0,0,0,0,"-","-","-","-","-","-","-","-","-","-","-","-","-","-","-","-","-","-"
"285","2021-07-12",0,132,0,0,0,0,0,0,0,0,0,0,0,0,0,0,0,0,0,"-","-","-","-","-","-","-","-","-","-","-","-","-","-","-","-","-","-"
"286","2021-07-13",1,112,2,0.0178571428571429,0,0,0,0,0,0,2,0,0,0,0,0,0,3,0,"-","-","-","-","-","-","-","-","-","-","-","-","-","-","-","-","-","-"
"287","2021-07-14",0,94,0,0,0,0,0,0,0,0,0,0,0,0,0,0,0,4,0,"-","-","-","-","-","-","-","-","-","-","-","-","-","-","-","-","-","-"
"288","2021-07-15",0,184,0,0,0,0,0,0,0,0,0,0,0,0,0,0,0,0,0,"-","-","-","-","-","-","-","-","-","-","-","-","-","-","-","-","-","-"
"289","2021-07-16",0,103,0,0,0,0,0,0,0,0,0,0,0,0,0,0,0,1,0,"-","-","-","-","-","-","-","-","-","-","-","-","-","-","-","-","-","-"
"290","2021-07-17",0,49,0,0,0,0,0,0,0,0,0,0,0,0,0,0,0,0,0,"-","-","-","-","-","-","-","-","-","-","-","-","-","-","-","-","-","-"
"291","2021-07-18",0,85,0,0,0,0,0,0,0,0,0,0,0,0,0,0,0,1,0,"-","-","-","-","-","-","-","-","-","-","-","-","-","-","-","-","-","-"
"292","2021-07-19",0,127,0,0,0,0,0,0,0,0,0,0,0,0,0,0,0,0,0,"-","-","-","-","-","-","-","-","-","-","-","-","-","-","-","-","-","-"
"293","2021-07-20",0,107,0,0,0,0,0,0,0,0,0,0,0,0,0,0,0,0,0,"-","-","-","-","-","-","-","-","-","-","-","-","-","-","-","-","-","-"
"294","2021-07-21",0,163,0,0,0,0,0,0,0,0,0,0,0,0,0,0,0,1,0,"-","-","-","-","-","-","-","-","-","-","-","-","-","-","-","-","-","-"
"295","2021-07-22",1,307,6,0.0195439739413681,1,0,1,0,0,0,3,0,0,0,0,0,0,11,1,"-","-","-","-","-","-","-","-","-","-","-","-","-","-","-","-","-","-"
"296","2021-07-23",0,87,2,0.0229885057471264,0,0,1,0,0,0,0,0,0,0,0,0,0,4,1,"-","-","-","-","-","-","-","-","-","-","-","-","-","-","-","-","-","-"
"297","2021-07-24",0,153,0,0,0,0,0,0,0,0,0,0,0,0,0,0,0,2,0,"-","-","-","-","-","-","-","-","-","-","-","-","-","-","-","-","-","-"
"298","2021-07-25",0,151,0,0,0,0,0,0,0,0,0,0,0,0,0,0,0,0,0,"-","-","-","-","-","-","-","-","-","-","-","-","-","-","-","-","-","-"
"299","2021-07-26",0,112,1,0.00892857142857143,0,0,0,0,0,0,0,0,0,0,0,0,0,2,1,"-","-","-","-","-","-","-","-","-","-","-","-","-","-","-","-","-","-"
"300","2021-07-27",1,126,0,0,0,0,0,0,0,0,0,0,0,0,0,0,0,2,0,"-","-","-","-","-","-","-","-","-","-","-","-","-","-","-","-","-","-"
"301","2021-07-28",0,276,0,0,0,0,0,0,0,0,0,0,0,0,0,0,0,2,0,"-","-","-","-","-","-","-","-","-","-","-","-","-","-","-","-","-","-"
"302","2021-07-29",1,255,9,0.0352941176470588,1,0,1,0,3,0,1,0,0,0,0,0,0,5,3,"-","-","-","-","-","-","-","-","-","-","-","-","-","-","-","-","-","-"
"303","2021-07-30",0,218,9,0.0412844036697248,0,0,1,2,4,0,0,0,0,0,0,0,0,4,2,"-","-","-","-","-","-","-","-","-","-","-","-","-","-","-","-","-","-"
"304","2021-07-31",0,119,0,0,0,0,0,0,0,0,0,0,0,0,0,0,0,0,0,"-","-","-","-","-","-","-","-","-","-","-","-","-","-","-","-","-","-"
"305","2021-08-01",0,43,0,0,0,0,0,0,0,0,0,0,0,0,0,0,0,0,0,"-","-","-","-","-","-","-","-","-","-","-","-","-","-","-","-","-","-"
"306","2021-08-02",0,90,0,0,0,0,0,0,0,0,0,0,0,0,0,0,0,0,0,"-","-","-","-","-","-","-","-","-","-","-","-","-","-","-","-","-","-"
"307","2021-08-03",1,167,3,0.0179640718562874,0,0,0,0,0,0,2,0,0,0,0,0,0,1,1,"-","-","-","-","-","-","-","-","-","-","-","-","-","-","-","-","-","-"
"308","2021-08-04",0,121,0,0,0,0,0,0,0,0,0,0,0,0,0,0,0,0,0,"-","-","-","-","-","-","-","-","-","-","-","-","-","-","-","-","-","-"
"309","2021-08-05",1,138,2,0.0144927536231884,0,0,0,0,0,0,1,0,0,0,0,0,0,1,1,"-","-","-","-","-","-","-","-","-","-","-","-","-","-","-","-","-","-"
"310","2021-08-06",0,145,0,0,0,0,0,0,0,0,0,0,0,0,0,0,0,0,0,"-","-","-","-","-","-","-","-","-","-","-","-","-","-","-","-","-","-"
"311","2021-08-07",0,136,0,0,0,0,0,0,0,0,0,0,0,0,0,0,0,0,0,"-","-","-","-","-","-","-","-","-","-","-","-","-","-","-","-","-","-"
"312","2021-08-08",0,158,0,0,0,0,0,0,0,0,0,0,0,0,0,0,0,0,0,"-","-","-","-","-","-","-","-","-","-","-","-","-","-","-","-","-","-"
"313","2021-08-09",0,126,0,0,0,0,0,0,0,0,0,0,0,0,0,0,0,0,0,"-","-","-","-","-","-","-","-","-","-","-","-","-","-","-","-","-","-"
"314","2021-08-10",0,100,0,0,0,0,0,0,0,0,0,0,0,0,0,0,0,0,0,"-","-","-","-","-","-","-","-","-","-","-","-","-","-","-","-","-","-"
"315","2021-08-11",0,104,0,0,0,0,0,0,0,0,0,0,0,0,0,0,0,0,0,"-","-","-","-","-","-","-","-","-","-","-","-","-","-","-","-","-","-"
"316","2021-08-12",0,72,0,0,0,0,0,0,0,0,0,0,0,0,0,0,0,0,0,"-","-","-","-","-","-","-","-","-","-","-","-","-","-","-","-","-","-"
"317","2021-08-13",0,152,0,0,0,0,0,0,0,0,0,0,0,0,0,0,0,0,0,"-","-","-","-","-","-","-","-","-","-","-","-","-","-","-","-","-","-"
"318","2021-08-14",0,125,0,0,0,0,0,0,0,0,0,0,0,0,0,0,0,0,0,"-","-","-","-","-","-","-","-","-","-","-","-","-","-","-","-","-","-"
"319","2021-08-15",0,64,0,0,0,0,0,0,0,0,0,0,0,0,0,0,0,0,0,"-","-","-","-","-","-","-","-","-","-","-","-","-","-","-","-","-","-"
"320","2021-08-16",0,9,0,0,0,0,0,0,0,0,0,0,0,0,0,0,0,0,0,"-","-","-","-","-","-","-","-","-","-","-","-","-","-","-","-","-","-"
"321","2021-08-17",0,61,0,0,0,0,0,0,0,0,0,0,0,0,0,0,0,0,0,"-","-","-","-","-","-","-","-","-","-","-","-","-","-","-","-","-","-"
"322","2021-08-18",0,82,0,0,0,0,0,0,0,0,0,0,0,0,0,0,0,3,0,"-","-","-","-","-","-","-","-","-","-","-","-","-","-","-","-","-","-"
"323","2021-08-19",1,89,3,0.0337078651685393,1,0,0,0,0,0,2,0,0,0,0,0,0,8,0,"-","-","-","-","-","-","-","-","-","-","-","-","-","-","-","-","-","-"
"324","2021-08-20",0,33,0,0,0,0,0,0,0,0,0,0,0,0,0,0,0,2,0,"-","-","-","-","-","-","-","-","-","-","-","-","-","-","-","-","-","-"
"325","2021-08-21",0,12,1,0.0833333333333333,0,0,0,0,0,0,0,0,0,0,0,0,0,1,1,"-","-","-","-","-","-","-","-","-","-","-","-","-","-","-","-","-","-"
"326","2021-08-22",0,31,0,0,0,0,0,0,0,0,0,0,0,0,0,0,0,0,0,"-","-","-","-","-","-","-","-","-","-","-","-","-","-","-","-","-","-"
"327","2021-08-23",0,129,1,0.00775193798449612,0,0,0,1,0,0,0,0,0,0,0,0,0,0,0,"-","-","-","-","-","-","-","-","-","-","-","-","-","-","-","-","-","-"
"328","2021-08-24",0,129,0,0,0,0,0,0,0,0,0,0,0,0,0,0,0,4,0,"-","-","-","-","-","-","-","-","-","-","-","-","-","-","-","-","-","-"
"329","2021-08-25",1,93,1,0.010752688172043,0,0,0,0,0,0,1,0,0,0,0,0,0,1,0,"-","-","-","-","-","-","-","-","-","-","-","-","-","-","-","-","-","-"
"330","2021-08-26",1,134,3,0.0223880597014925,1,0,0,0,0,0,1,0,0,0,0,0,0,4,1,"-","-","-","-","-","-","-","-","-","-","-","-","-","-","-","-","-","-"
"331","2021-08-27",0,66,0,0,0,0,0,0,0,0,0,0,0,0,0,0,0,0,0,"-","-","-","-","-","-","-","-","-","-","-","-","-","-","-","-","-","-"
"332","2021-08-28",0,92,0,0,0,0,0,0,0,0,0,0,0,0,0,0,0,0,0,"-","-","-","-","-","-","-","-","-","-","-","-","-","-","-","-","-","-"
"333","2021-08-29",0,50,0,0,0,0,0,0,0,0,0,0,0,0,0,0,0,0,0,"-","-","-","-","-","-","-","-","-","-","-","-","-","-","-","-","-","-"
"334","2021-08-30",0,51,0,0,0,0,0,0,0,0,0,0,0,0,0,0,0,0,0,"-","-","-","-","-","-","-","-","-","-","-","-","-","-","-","-","-","-"
"335","2021-08-31",1,311,6,0.0192926045016077,2,0,3,0,0,0,1,0,0,0,0,0,0,3,0,"-","-","-","-","-","-","-","-","-","-","-","-","-","-","-","-","-","-"
"336","2021-09-01",0,222,3,0.0135135135135135,1,0,1,0,0,0,1,0,0,0,0,0,0,0,0,"-","-","-","-","-","-","-","-","-","-","-","-","-","-","-","-","-","-"
"337","2021-09-02",0,105,1,0.00952380952380952,0,0,1,0,0,0,0,0,0,0,0,0,0,0,0,"-","-","-","-","-","-","-","-","-","-","-","-","-","-","-","-","-","-"
"338","2021-09-03",0,90,0,0,0,0,0,0,0,0,0,0,0,0,0,0,0,0,0,"-","-","-","-","-","-","-","-","-","-","-","-","-","-","-","-","-","-"
"339","2021-09-04",0,24,0,0,0,0,0,0,0,0,0,0,0,0,0,0,0,0,0,"-","-","-","-","-","-","-","-","-","-","-","-","-","-","-","-","-","-"
"340","2021-09-05",0,104,0,0,0,0,0,0,0,0,0,0,0,0,0,0,0,0,0,"-","-","-","-","-","-","-","-","-","-","-","-","-","-","-","-","-","-"
"341","2021-09-06",0,111,1,0.00900900900900901,0,0,0,1,0,0,0,0,0,0,0,0,0,1,0,"-","-","-","-","-","-","-","-","-","-","-","-","-","-","-","-","-","-"
"342","2021-09-07",3,1231,47,0.0381803411860276,3,0,4,6,1,2,6,0,0,0,0,0,0,25,25,"-","-","-","-","-","-","-","-","-","-","-","-","-","-","-","-","-","-"
"343","2021-09-08",1,320,13,0.040625,0,0,3,0,0,1,0,0,0,0,0,0,0,12,9,"-","-","-","-","-","-","-","-","-","-","-","-","-","-","-","-","-","-"
"344","2021-09-09",0,199,9,0.0452261306532663,0,0,1,0,0,0,0,0,0,0,0,0,0,12,8,"-","-","-","-","-","-","-","-","-","-","-","-","-","-","-","-","-","-"
"345","2021-09-10",0,82,0,0,0,0,0,0,0,0,0,0,0,0,0,0,0,0,0,"-","-","-","-","-","-","-","-","-","-","-","-","-","-","-","-","-","-"
"346","2021-09-11",0,182,0,0,0,0,0,0,0,0,0,0,0,0,0,0,0,0,0,"-","-","-","-","-","-","-","-","-","-","-","-","-","-","-","-","-","-"
"347","2021-09-12",0,152,0,0,0,0,0,0,0,0,0,0,0,0,0,0,0,0,0,"-","-","-","-","-","-","-","-","-","-","-","-","-","-","-","-","-","-"
"348","2021-09-13",0,32,0,0,0,0,0,0,0,0,0,0,0,0,0,0,0,0,0,"-","-","-","-","-","-","-","-","-","-","-","-","-","-","-","-","-","-"
"349","2021-09-14",1,119,3,0.0252100840336134,0,0,2,0,0,0,1,0,0,0,0,0,0,3,0,"-","-","-","-","-","-","-","-","-","-","-","-","-","-","-","-","-","-"
"350","2021-09-15",0,37,0,0,0,0,0,0,0,0,0,0,0,0,0,0,0,4,0,"-","-","-","-","-","-","-","-","-","-","-","-","-","-","-","-","-","-"
"351","2021-09-16",0,77,3,0.038961038961039,0,0,0,0,0,0,0,0,0,0,0,0,0,3,3,"-","-","-","-","-","-","-","-","-","-","-","-","-","-","-","-","-","-"
"352","2021-09-17",1,139,4,0.0287769784172662,0,0,1,1,1,0,1,0,0,0,0,0,0,10,0,"-","-","-","-","-","-","-","-","-","-","-","-","-","-","-","-","-","-"
"353","2021-09-18",0,23,0,0,0,0,0,0,0,0,0,0,0,0,0,0,0,4,0,"-","-","-","-","-","-","-","-","-","-","-","-","-","-","-","-","-","-"
"354","2021-09-19",0,27,0,0,0,0,0,0,0,0,0,0,0,0,0,0,0,1,0,"-","-","-","-","-","-","-","-","-","-","-","-","-","-","-","-","-","-"
"355","2021-09-20",0,53,0,0,0,0,0,0,0,0,0,0,0,0,0,0,0,3,0,"-","-","-","-","-","-","-","-","-","-","-","-","-","-","-","-","-","-"
"356","2021-09-21",0,27,0,0,0,0,0,0,0,0,0,0,0,0,0,0,0,0,0,"-","-","-","-","-","-","-","-","-","-","-","-","-","-","-","-","-","-"
"357","2021-09-22",0,39,4,0.102564102564103,0,0,0,2,1,0,1,0,0,0,0,0,0,6,0,"-","-","-","-","-","-","-","-","-","-","-","-","-","-","-","-","-","-"
"358","2021-09-23",1,93,4,0.043010752688172,0,0,0,0,1,0,0,0,0,0,0,0,0,5,3,"-","-","-","-","-","-","-","-","-","-","-","-","-","-","-","-","-","-"
"359","2021-09-24",0,135,0,0,0,0,0,0,0,0,0,0,0,0,0,0,0,1,0,"-","-","-","-","-","-","-","-","-","-","-","-","-","-","-","-","-","-"
"360","2021-09-25",0,26,0,0,0,0,0,0,0,0,0,0,0,0,0,0,0,0,0,"-","-","-","-","-","-","-","-","-","-","-","-","-","-","-","-","-","-"
"361","2021-09-26",0,77,7,0.0909090909090909,0,0,0,0,0,0,1,0,0,0,0,0,0,11,6,"-","-","-","-","-","-","-","-","-","-","-","-","-","-","-","-","-","-"
"362","2021-09-27",0,65,0,0,0,0,0,0,0,0,0,0,0,0,0,0,0,1,0,"-","-","-","-","-","-","-","-","-","-","-","-","-","-","-","-","-","-"
"363","2021-09-28",1,126,0,0,0,0,0,0,0,0,0,0,0,0,0,0,0,1,0,"-","-","-","-","-","-","-","-","-","-","-","-","-","-","-","-","-","-"
"364","2021-09-29",0,103,0,0,0,0,0,0,0,0,0,0,0,0,0,0,0,2,0,"-","-","-","-","-","-","-","-","-","-","-","-","-","-","-","-","-","-"
"365","2021-09-30",1,98,2,0.0204081632653061,0,0,1,1,0,0,0,0,0,0,0,0,0,5,0,"-","-","-","-","-","-","-","-","-","-","-","-","-","-","-","-","-","-"
"366","2021-10-01",0,178,2,0.0112359550561798,0,0,0,0,1,0,0,0,0,0,0,0,0,7,1,"-","-","-","-","-","-","-","-","-","-","-","-","-","-","-","-","-","-"
"367","2021-10-02",0,49,0,0,0,0,0,0,0,0,0,0,0,0,0,0,0,1,0,"-","-","-","-","-","-","-","-","-","-","-","-","-","-","-","-","-","-"
"368","2021-10-03",0,20,1,0.05,0,0,0,0,0,0,0,0,0,0,0,0,0,2,1,"-","-","-","-","-","-","-","-","-","-","-","-","-","-","-","-","-","-"
"369","2021-10-04",0,24,0,0,0,0,0,0,0,0,0,0,0,0,0,0,0,4,0,"-","-","-","-","-","-","-","-","-","-","-","-","-","-","-","-","-","-"
"370","2021-10-05",1,287,17,0.0592334494773519,2,0,4,4,4,0,1,0,0,0,0,0,0,39,2,"-","-","-","-","-","-","-","-","-","-","-","-","-","-","-","-","-","-"
"371","2021-10-06",0,72,0,0,0,0,0,0,0,0,0,0,0,0,0,0,0,6,0,"-","-","-","-","-","-","-","-","-","-","-","-","-","-","-","-","-","-"
"372","2021-10-07",1,154,3,0.0194805194805195,0,0,2,0,1,0,0,0,0,0,0,0,0,1,0,"-","-","-","-","-","-","-","-","-","-","-","-","-","-","-","-","-","-"
"373","2021-10-08",0,70,6,0.0857142857142857,1,0,3,0,1,0,0,0,0,0,0,0,0,4,1,"-","-","-","-","-","-","-","-","-","-","-","-","-","-","-","-","-","-"
"374","2021-10-09",0,40,2,0.05,0,0,2,0,0,0,0,0,0,0,0,0,0,2,0,"-","-","-","-","-","-","-","-","-","-","-","-","-","-","-","-","-","-"
"375","2021-10-10",0,37,3,0.0810810810810811,0,0,0,0,1,0,0,0,0,0,0,0,0,3,2,"-","-","-","-","-","-","-","-","-","-","-","-","-","-","-","-","-","-"
"376","2021-10-11",0,96,0,0,0,0,0,0,0,0,0,0,0,0,0,0,0,1,0,"-","-","-","-","-","-","-","-","-","-","-","-","-","-","-","-","-","-"
"377","2021-10-12",1,74,2,0.027027027027027,0,0,0,0,0,0,2,0,0,0,0,0,0,2,0,"-","-","-","-","-","-","-","-","-","-","-","-","-","-","-","-","-","-"
"378","2021-10-13",0,37,1,0.027027027027027,0,0,0,0,0,0,0,0,0,0,0,0,0,2,1,"-","-","-","-","-","-","-","-","-","-","-","-","-","-","-","-","-","-"
"379","2021-10-14",1,54,3,0.0555555555555556,0,0,1,0,0,0,1,0,0,0,0,0,0,7,1,"-","-","-","-","-","-","-","-","-","-","-","-","-","-","-","-","-","-"
"380","2021-10-15",0,59,1,0.0169491525423729,0,0,0,0,1,0,0,0,0,0,0,0,0,3,0,"-","-","-","-","-","-","-","-","-","-","-","-","-","-","-","-","-","-"
"381","2021-10-16",0,7,0,0,0,0,0,0,0,0,0,0,0,0,0,0,0,1,0,"-","-","-","-","-","-","-","-","-","-","-","-","-","-","-","-","-","-"
"382","2021-10-17",0,43,0,0,0,0,0,0,0,0,0,0,0,0,0,0,0,1,0,"-","-","-","-","-","-","-","-","-","-","-","-","-","-","-","-","-","-"
"383","2021-10-18",0,113,1,0.00884955752212389,0,0,0,0,0,0,0,0,0,0,0,0,0,5,1,"-","-","-","-","-","-","-","-","-","-","-","-","-","-","-","-","-","-"
"384","2021-10-19",1,81,4,0.0493827160493827,1,0,0,0,2,0,0,0,0,0,0,0,0,6,1,"-","-","-","-","-","-","-","-","-","-","-","-","-","-","-","-","-","-"
"385","2021-10-20",0,39,0,0,0,0,0,0,0,0,0,0,0,0,0,0,0,0,0,"-","-","-","-","-","-","-","-","-","-","-","-","-","-","-","-","-","-"
"386","2021-10-21",1,63,8,0.126984126984127,1,0,0,0,4,0,1,0,0,0,0,0,0,7,2,"-","-","-","-","-","-","-","-","-","-","-","-","-","-","-","-","-","-"
"387","2021-10-22",1,81,14,0.172839506172839,0,0,4,0,1,0,3,0,0,0,0,0,0,6,6,"-","-","-","-","-","-","-","-","-","-","-","-","-","-","-","-","-","-"
"388","2021-10-23",0,14,5,0.357142857142857,0,0,0,0,1,0,0,0,0,0,0,0,0,4,4,"-","-","-","-","-","-","-","-","-","-","-","-","-","-","-","-","-","-"
"389","2021-10-24",0,67,0,0,0,0,0,0,0,0,0,0,0,0,0,0,0,0,0,"-","-","-","-","-","-","-","-","-","-","-","-","-","-","-","-","-","-"
"390","2021-10-25",0,62,1,0.0161290322580645,0,0,0,0,1,0,0,0,0,0,0,0,0,0,0,"-","-","-","-","-","-","-","-","-","-","-","-","-","-","-","-","-","-"
"391","2021-10-26",0,124,8,0.0645161290322581,0,0,1,1,0,0,0,0,0,0,0,0,0,24,6,"-","-","-","-","-","-","-","-","-","-","-","-","-","-","-","-","-","-"
"392","2021-10-27",0,13,0,0,0,0,0,0,0,0,0,0,0,0,0,0,0,0,0,"-","-","-","-","-","-","-","-","-","-","-","-","-","-","-","-","-","-"
"393","2021-10-28",0,34,0,0,0,0,0,0,0,0,0,0,0,0,0,0,0,0,0,"-","-","-","-","-","-","-","-","-","-","-","-","-","-","-","-","-","-"
"394","2021-10-29",1,132,2,0.0151515151515152,0,0,0,0,0,0,1,0,0,0,0,0,0,7,1,"-","-","-","-","-","-","-","-","-","-","-","-","-","-","-","-","-","-"
"395","2021-10-30",0,14,0,0,0,0,0,0,0,0,0,0,0,0,0,0,0,0,0,"-","-","-","-","-","-","-","-","-","-","-","-","-","-","-","-","-","-"
"396","2021-10-31",0,12,0,0,0,0,0,0,0,0,0,0,0,0,0,0,0,0,0,"-","-","-","-","-","-","-","-","-","-","-","-","-","-","-","-","-","-"
"397","2021-11-01",0,53,1,0.0188679245283019,0,0,0,0,1,0,0,0,0,0,0,0,0,7,0,"-","-","-","-","-","-","-","-","-","-","-","-","-","-","-","-","-","-"
"398","2021-11-02",0,33,1,0.0303030303030303,0,0,0,0,0,0,0,0,0,0,0,0,0,1,1,"-","-","-","-","-","-","-","-","-","-","-","-","-","-","-","-","-","-"
"399","2021-11-03",1,575,10,0.0173913043478261,2,0,5,0,0,0,2,0,0,0,0,0,0,1,1,"-","-","-","-","-","-","-","-","-","-","-","-","-","-","-","-","-","-"
"400","2021-11-04",2,590,12,0.0203389830508475,1,0,0,2,0,0,7,0,0,0,0,0,0,5,2,"-","-","-","-","-","-","-","-","-","-","-","-","-","-","-","-","-","-"
"401","2021-11-05",0,84,0,0,0,0,0,0,0,0,0,0,0,0,0,0,0,0,0,"-","-","-","-","-","-","-","-","-","-","-","-","-","-","-","-","-","-"
"402","2021-11-06",0,15,2,0.133333333333333,0,0,1,0,0,0,1,0,0,0,0,0,0,0,0,"-","-","-","-","-","-","-","-","-","-","-","-","-","-","-","-","-","-"
"403","2021-11-07",0,18,0,0,0,0,0,0,0,0,0,0,0,0,0,0,0,0,0,"-","-","-","-","-","-","-","-","-","-","-","-","-","-","-","-","-","-"
"404","2021-11-08",0,65,1,0.0153846153846154,0,0,0,0,0,0,0,0,0,0,0,0,0,1,1,"-","-","-","-","-","-","-","-","-","-","-","-","-","-","-","-","-","-"
"405","2021-11-09",1,98,5,0.0510204081632653,0,0,0,1,1,0,2,0,0,0,0,0,0,3,1,"-","-","-","-","-","-","-","-","-","-","-","-","-","-","-","-","-","-"
"406","2021-11-10",0,98,0,0,0,0,0,0,0,0,0,0,0,0,0,0,0,1,0,"-","-","-","-","-","-","-","-","-","-","-","-","-","-","-","-","-","-"
"407","2021-11-11",0,96,0,0,0,0,0,0,0,0,0,0,0,0,0,0,0,0,0,"-","-","-","-","-","-","-","-","-","-","-","-","-","-","-","-","-","-"
"408","2021-11-12",0,31,0,0,0,0,0,0,0,0,0,0,0,0,0,0,0,0,0,"-","-","-","-","-","-","-","-","-","-","-","-","-","-","-","-","-","-"
"409","2021-11-13",0,50,0,0,0,0,0,0,0,0,0,0,0,0,0,0,0,2,0,"-","-","-","-","-","-","-","-","-","-","-","-","-","-","-","-","-","-"
"410","2021-11-14",0,162,0,0,0,0,0,0,0,0,0,0,0,0,0,0,0,0,0,"-","-","-","-","-","-","-","-","-","-","-","-","-","-","-","-","-","-"
"411","2021-11-15",0,56,0,0,0,0,0,0,0,0,0,0,0,0,0,0,0,0,0,"-","-","-","-","-","-","-","-","-","-","-","-","-","-","-","-","-","-"
"412","2021-11-16",0,7,1,0.142857142857143,0,0,0,0,0,1,0,0,0,0,0,0,0,0,0,"-","-","-","-","-","-","-","-","-","-","-","-","-","-","-","-","-","-"
"413","2021-11-17",0,4,0,0,0,0,0,0,0,0,0,0,0,0,0,0,0,0,0,"-","-","-","-","-","-","-","-","-","-","-","-","-","-","-","-","-","-"
